008,MA,$85.00 ,$0.34 ,$0.34 ,$0.34 ,$0.34 ,$0.34 ,$0.34 ,5
009,MA,$85.00 ,$0.34 ,$0.34 ,$0.34 ,$0.34 ,$0.34 ,$0.34 ,5
010,MA,$85.00 ,$0.34 ,$0.34 ,$0.34 ,$0.34 ,$0.34 ,$0.34 ,5
011,MA,$85.00 ,$0.34 ,$0.34 ,$0.34 ,$0.34 ,$0.34 ,$0.34 ,5
012,MA,$85.00 ,$0.34 ,$0.34 ,$0.34 ,$0.34 ,$0.34 ,$0.34 ,5
013,MA,$85.00 ,$0.34 ,$0.34 ,$0.34 ,$0.34 ,$0.34 ,$0.34 ,5
014,MA,$85.00 ,$0.34 ,$0.34 ,$0.34 ,$0.34 ,$0.34 ,$0.34 ,5
015,MA,$85.00 ,$0.34 ,$0.34 ,$0.34 ,$0.34 ,$0.34 ,$0.34 ,5
016,MA,$85.00 ,$0.34 ,$0.34 ,$0.34 ,$0.34 ,$0.34 ,$0.34 ,5
017,MA,$85.00 ,$0.34 ,$0.34 ,$0.34 ,$0.34 ,$0.34 ,$0.34 ,5
018,MA,$85.00 ,$0.34 ,$0.34 ,$0.34 ,$0.34 ,$0.34 ,$0.34 ,5
019,MA,$85.00 ,$0.34 ,$0.34 ,$0.34 ,$0.34 ,$0.34 ,$0.34 ,5
020,MA,$85.00 ,$0.34 ,$0.34 ,$0.34 ,$0.34 ,$0.34 ,$0.34 ,5
021,MA,$85.00 ,$0.34 ,$0.34 ,$0.34 ,$0.34 ,$0.34 ,$0.34 ,5
022,MA,$85.00 ,$0.34 ,$0.34 ,$0.34 ,$0.34 ,$0.34 ,$0.34 ,5
023,MA,$85.00 ,$0.34 ,$0.34 ,$0.34 ,$0.34 ,$0.34 ,$0.34 ,5
024,MA,$85.00 ,$0.34 ,$0.34 ,$0.34 ,$0.34 ,$0.34 ,$0.34 ,5
025,MA,$85.00 ,$0.34 ,$0.34 ,$0.34 ,$0.34 ,$0.34 ,$0.34 ,5
026,MA,$85.00 ,$0.34 ,$0.34 ,$0.34 ,$0.34 ,$0.34 ,$0.34 ,5
027,MA,$85.00 ,$0.34 ,$0.34 ,$0.34 ,$0.34 ,$0.34 ,$0.34 ,5
028,RI,$85.00 ,$0.34 ,$0.34 ,$0.34 ,$0.34 ,$0.34 ,$0.34 ,5
029,RI,$85.00 ,$0.34 ,$0.34 ,$0.34 ,$0.34 ,$0.34 ,$0.34 ,5
030,NH,$95.00 ,$0.46 ,$0.46 ,$0.46 ,$0.46 ,$0.46 ,$0.46 ,5
031,NH,$95.00 ,$0.46 ,$0.46 ,$0.46 ,$0.46 ,$0.46 ,$0.46 ,5
032,NH,$95.00 ,$0.46 ,$0.46 ,$0.46 ,$0.46 ,$0.46 ,$0.46 ,5
033,NH,$95.00 ,$0.46 ,$0.46 ,$0.46 ,$0.46 ,$0.46 ,$0.46 ,5
034,NH,$95.00 ,$0.46 ,$0.46 ,$0.46 ,$0.46 ,$0.46 ,$0.46 ,5
035,NH,$95.00 ,$0.46 ,$0.46 ,$0.46 ,$0.46 ,$0.46 ,$0.46 ,5
036,NH,$95.00 ,$0.46 ,$0.46 ,$0.46 ,$0.46 ,$0.46 ,$0.46 ,5
037,NH,$95.00 ,$0.46 ,$0.46 ,$0.46 ,$0.46 ,$0.46 ,$0.46 ,5
038,NH,$95.00 ,$0.46 ,$0.46 ,$0.46 ,$0.46 ,$0.46 ,$0.46 ,5
039,ME,$115.00 ,$0.48 ,$0.48 ,$0.48 ,$0.48 ,$0.48 ,$0.48 ,5
040,ME,$115.00 ,$0.48 ,$0.48 ,$0.48 ,$0.48 ,$0.48 ,$0.48 ,5
041,ME,$115.00 ,$0.48 ,$0.48 ,$0.48 ,$0.48 ,$0.48 ,$0.48 ,5
042,ME,$115.00 ,$0.48 ,$0.48 ,$0.48 ,$0.48 ,$0.48 ,$0.48 ,5
043,ME,$115.00 ,$0.48 ,$0.48 ,$0.48 ,$0.48 ,$0.48 ,$0.48 ,5
044,ME,$115.00 ,$0.48 ,$0.48 ,$0.48 ,$0.48 ,$0.48 ,$0.48 ,5
045,ME,$115.00 ,$0.48 ,$0.48 ,$0.48 ,$0.48 ,$0.48 ,$0.48 ,5
046,ME,$115.00 ,$0.48 ,$0.48 ,$0.48 ,$0.48 ,$0.48 ,$0.48 ,5
047,ME,$115.00 ,$0.48 ,$0.48 ,$0.48 ,$0.48 ,$0.48 ,$0.48 ,5
048,ME,$115.00 ,$0.48 ,$0.48 ,$0.48 ,$0.48 ,$0.48 ,$0.48 ,5
049,ME,$115.00 ,$0.48 ,$0.48 ,$0.48 ,$0.48 ,$0.48 ,$0.48 ,5
050,VT,$115.00 ,$0.48 ,$0.48 ,$0.48 ,$0.48 ,$0.48 ,$0.48 ,5
051,VT,$115.00 ,$0.48 ,$0.48 ,$0.48 ,$0.48 ,$0.48 ,$0.48 ,5
052,VT,$115.00 ,$0.48 ,$0.48 ,$0.48 ,$0.48 ,$0.48 ,$0.48 ,5
053,VT,$115.00 ,$0.48 ,$0.48 ,$0.48 ,$0.48 ,$0.48 ,$0.48 ,5
054,VT,$115.00 ,$0.48 ,$0.48 ,$0.48 ,$0.48 ,$0.48 ,$0.48 ,5
055,MA,$85.00 ,$0.48 ,$0.48 ,$0.48 ,$0.48 ,$0.48 ,$0.48 ,5
056,VT,$115.00 ,$0.48 ,$0.48 ,$0.48 ,$0.48 ,$0.48 ,$0.48 ,5
057,VT,$115.00 ,$0.48 ,$0.48 ,$0.48 ,$0.48 ,$0.48 ,$0.48 ,5
058,VT,$115.00 ,$0.48 ,$0.48 ,$0.48 ,$0.48 ,$0.48 ,$0.48 ,5
059,VT,$115.00 ,$0.48 ,$0.48 ,$0.48 ,$0.48 ,$0.48 ,$0.48 ,5
060,CT,$95.00 ,$0.42 ,$0.42 ,$0.42 ,$0.42 ,$0.42 ,$0.42 ,5
061,CT,$95.00 ,$0.42 ,$0.42 ,$0.42 ,$0.42 ,$0.42 ,$0.42 ,5
062,CT,$95.00 ,$0.42 ,$0.42 ,$0.42 ,$0.42 ,$0.42 ,$0.42 ,5
063,CT,$95.00 ,$0.42 ,$0.42 ,$0.42 ,$0.42 ,$0.42 ,$0.42 ,5
064,NY,$95.00 ,$0.42 ,$0.42 ,$0.42 ,$0.42 ,$0.42 ,$0.42 ,5
065,CT,$95.00 ,$0.42 ,$0.42 ,$0.42 ,$0.42 ,$0.42 ,$0.42 ,5
066,CT,$95.00 ,$0.42 ,$0.42 ,$0.42 ,$0.42 ,$0.42 ,$0.42 ,5
067,CT,$95.00 ,$0.42 ,$0.42 ,$0.42 ,$0.42 ,$0.42 ,$0.42 ,5
068,CT,$95.00 ,$0.42 ,$0.42 ,$0.42 ,$0.42 ,$0.42 ,$0.42 ,5
069,CT,$95.00 ,$0.42 ,$0.42 ,$0.42 ,$0.42 ,$0.42 ,$0.42 ,5
070,CT,$95.00 ,$0.42 ,$0.42 ,$0.42 ,$0.42 ,$0.42 ,$0.42 ,5
071,NJ,$85.00 ,$0.34 ,$0.34 ,$0.34 ,$0.34 ,$0.34 ,$0.34 ,5
072,NJ,$85.00 ,$0.34 ,$0.34 ,$0.34 ,$0.34 ,$0.34 ,$0.34 ,5
073,NJ,$85.00 ,$0.34 ,$0.34 ,$0.34 ,$0.34 ,$0.34 ,$0.34 ,5
074,NJ,$85.00 ,$0.34 ,$0.34 ,$0.34 ,$0.34 ,$0.34 ,$0.34 ,5
075,NJ,$85.00 ,$0.34 ,$0.34 ,$0.34 ,$0.34 ,$0.34 ,$0.34 ,5
076,NJ,$85.00 ,$0.34 ,$0.34 ,$0.34 ,$0.34 ,$0.34 ,$0.34 ,5
077,NJ,$85.00 ,$0.34 ,$0.34 ,$0.34 ,$0.34 ,$0.34 ,$0.34 ,5
078,NJ,$85.00 ,$0.34 ,$0.34 ,$0.34 ,$0.34 ,$0.34 ,$0.34 ,5
079,NJ,$85.00 ,$0.34 ,$0.34 ,$0.34 ,$0.34 ,$0.34 ,$0.34 ,5
080,NJ,$85.00 ,$0.34 ,$0.34 ,$0.34 ,$0.34 ,$0.34 ,$0.34 ,5
081,NJ,$85.00 ,$0.34 ,$0.34 ,$0.34 ,$0.34 ,$0.34 ,$0.34 ,5
082,NJ,$85.00 ,$0.34 ,$0.34 ,$0.34 ,$0.34 ,$0.34 ,$0.34 ,5
083,NJ,$85.00 ,$0.34 ,$0.34 ,$0.34 ,$0.34 ,$0.34 ,$0.34 ,5
084,NJ,$85.00 ,$0.34 ,$0.34 ,$0.34 ,$0.34 ,$0.34 ,$0.34 ,5
085,NJ,$85.00 ,$0.34 ,$0.34 ,$0.34 ,$0.34 ,$0.34 ,$0.34 ,5
086,NJ,$85.00 ,$0.34 ,$0.34 ,$0.34 ,$0.34 ,$0.34 ,$0.34 ,5
087,NJ,$85.00 ,$0.34 ,$0.34 ,$0.34 ,$0.34 ,$0.34 ,$0.34 ,5
088,NJ,$85.00 ,$0.34 ,$0.34 ,$0.34 ,$0.34 ,$0.34 ,$0.34 ,5
089,NJ,$85.00 ,$0.34 ,$0.34 ,$0.34 ,$0.34 ,$0.34 ,$0.34 ,5
090,NJ,$85.00 ,$0.34 ,$0.34 ,$0.34 ,$0.34 ,$0.34 ,$0.34 ,5
091,NY,$85.00 ,$0.42 ,$0.42 ,$0.42 ,$0.42 ,$0.42 ,$0.42 ,5
092,NY,$85.00 ,$0.42 ,$0.42 ,$0.42 ,$0.42 ,$0.42 ,$0.42 ,5
093,NY,$85.00 ,$0.42 ,$0.42 ,$0.42 ,$0.42 ,$0.42 ,$0.42 ,5
094,NY,$85.00 ,$0.42 ,$0.42 ,$0.42 ,$0.42 ,$0.42 ,$0.42 ,5
095,NY,$85.00 ,$0.42 ,$0.42 ,$0.42 ,$0.42 ,$0.42 ,$0.42 ,5
096,NY,$85.00 ,$0.42 ,$0.42 ,$0.42 ,$0.42 ,$0.42 ,$0.42 ,5
097,NY,$85.00 ,$0.42 ,$0.42 ,$0.42 ,$0.42 ,$0.42 ,$0.42 ,5
098,NY,$85.00 ,$0.42 ,$0.42 ,$0.42 ,$0.42 ,$0.42 ,$0.42 ,5
099,NY,$85.00 ,$0.42 ,$0.42 ,$0.42 ,$0.42 ,$0.42 ,$0.42 ,5
100,NY,$85.00 ,$0.42 ,$0.42 ,$0.42 ,$0.42 ,$0.42 ,$0.42 ,5
101,NY,$85.00 ,$0.42 ,$0.42 ,$0.42 ,$0.42 ,$0.42 ,$0.42 ,5
102,NY,$85.00 ,$0.42 ,$0.42 ,$0.42 ,$0.42 ,$0.42 ,$0.42 ,5
103,NY,$85.00 ,$0.42 ,$0.42 ,$0.42 ,$0.42 ,$0.42 ,$0.42 ,5
104,NY,$85.00 ,$0.42 ,$0.42 ,$0.42 ,$0.42 ,$0.42 ,$0.42 ,5
105,NY,$85.00 ,$0.42 ,$0.42 ,$0.42 ,$0.42 ,$0.42 ,$0.42 ,5
106,NY,$85.00 ,$0.42 ,$0.42 ,$0.42 ,$0.42 ,$0.42 ,$0.42 ,5
107,NY,$85.00 ,$0.42 ,$0.42 ,$0.42 ,$0.42 ,$0.42 ,$0.42 ,5
108,NY,$85.00 ,$0.42 ,$0.42 ,$0.42 ,$0.42 ,$0.42 ,$0.42 ,5
109,NY,$85.00 ,$0.42 ,$0.42 ,$0.42 ,$0.42 ,$0.42 ,$0.42 ,5
110,NY,$85.00 ,$0.42 ,$0.42 ,$0.42 ,$0.42 ,$0.42 ,$0.42 ,5
111,NY,$85.00 ,$0.42 ,$0.42 ,$0.42 ,$0.42 ,$0.42 ,$0.42 ,5
112,NY,$85.00 ,$0.42 ,$0.42 ,$0.42 ,$0.42 ,$0.42 ,$0.42 ,5
113,NY,$85.00 ,$0.42 ,$0.42 ,$0.42 ,$0.42 ,$0.42 ,$0.42 ,5
114,NY,$85.00 ,$0.42 ,$0.42 ,$0.42 ,$0.42 ,$0.42 ,$0.42 ,5
115,NY,$85.00 ,$0.42 ,$0.42 ,$0.42 ,$0.42 ,$0.42 ,$0.42 ,5
116,NY,$85.00 ,$0.42 ,$0.42 ,$0.42 ,$0.42 ,$0.42 ,$0.42 ,5
117,NY,$85.00 ,$0.42 ,$0.42 ,$0.42 ,$0.42 ,$0.42 ,$0.42 ,5
118,NY,$85.00 ,$0.42 ,$0.42 ,$0.42 ,$0.42 ,$0.42 ,$0.42 ,5
119,NY,$85.00 ,$0.42 ,$0.42 ,$0.42 ,$0.42 ,$0.42 ,$0.42 ,5
120,NY,$85.00 ,$0.42 ,$0.42 ,$0.42 ,$0.42 ,$0.42 ,$0.42 ,5
121,NY,$85.00 ,$0.42 ,$0.42 ,$0.42 ,$0.42 ,$0.42 ,$0.42 ,5
122,NY,$85.00 ,$0.42 ,$0.42 ,$0.42 ,$0.42 ,$0.42 ,$0.42 ,5
123,NY,$85.00 ,$0.42 ,$0.42 ,$0.42 ,$0.42 ,$0.42 ,$0.42 ,5
124,NY,$85.00 ,$0.42 ,$0.42 ,$0.42 ,$0.42 ,$0.42 ,$0.42 ,5
125,NY,$85.00 ,$0.42 ,$0.42 ,$0.42 ,$0.42 ,$0.42 ,$0.42 ,5
126,NY,$85.00 ,$0.42 ,$0.42 ,$0.42 ,$0.42 ,$0.42 ,$0.42 ,5
127,NY,$85.00 ,$0.42 ,$0.42 ,$0.42 ,$0.42 ,$0.42 ,$0.42 ,5
128,NY,$85.00 ,$0.42 ,$0.42 ,$0.42 ,$0.42 ,$0.42 ,$0.42 ,5
129,NY,$85.00 ,$0.42 ,$0.42 ,$0.42 ,$0.42 ,$0.42 ,$0.42 ,5
130,NY,$85.00 ,$0.42 ,$0.42 ,$0.42 ,$0.42 ,$0.42 ,$0.42 ,5
131,NY,$85.00 ,$0.42 ,$0.42 ,$0.42 ,$0.42 ,$0.42 ,$0.42 ,5
132,NY,$85.00 ,$0.42 ,$0.42 ,$0.42 ,$0.42 ,$0.42 ,$0.42 ,5
133,NY,$85.00 ,$0.42 ,$0.42 ,$0.42 ,$0.42 ,$0.42 ,$0.42 ,5
134,NY,$85.00 ,$0.42 ,$0.42 ,$0.42 ,$0.42 ,$0.42 ,$0.42 ,5
135,NY,$85.00 ,$0.42 ,$0.42 ,$0.42 ,$0.42 ,$0.42 ,$0.42 ,5
136,NY,$85.00 ,$0.42 ,$0.42 ,$0.42 ,$0.42 ,$0.42 ,$0.42 ,5
137,NY,$85.00 ,$0.42 ,$0.42 ,$0.42 ,$0.42 ,$0.42 ,$0.42 ,5
138,NY,$85.00 ,$0.42 ,$0.42 ,$0.42 ,$0.42 ,$0.42 ,$0.42 ,5
139,NY,$85.00 ,$0.42 ,$0.42 ,$0.42 ,$0.42 ,$0.42 ,$0.42 ,5
140,NY,$85.00 ,$0.42 ,$0.42 ,$0.42 ,$0.42 ,$0.42 ,$0.42 ,5
141,PA,$85.00 ,$0.35 ,$0.35 ,$0.35 ,$0.35 ,$0.35 ,$0.35 ,5
142,PA,$85.00 ,$0.35 ,$0.35 ,$0.35 ,$0.35 ,$0.35 ,$0.35 ,5
143,PA,$85.00 ,$0.35 ,$0.35 ,$0.35 ,$0.35 ,$0.35 ,$0.35 ,5
144,PA,$85.00 ,$0.35 ,$0.35 ,$0.35 ,$0.35 ,$0.35 ,$0.35 ,5
145,PA,$85.00 ,$0.42 ,$0.42 ,$0.42 ,$0.42 ,$0.42 ,$0.42 ,5
146,PA,$85.00 ,$0.42 ,$0.42 ,$0.42 ,$0.42 ,$0.42 ,$0.42 ,5
147,PA,$85.00 ,$0.42 ,$0.42 ,$0.42 ,$0.42 ,$0.42 ,$0.42 ,5
148,PA,$85.00 ,$0.42 ,$0.42 ,$0.42 ,$0.42 ,$0.42 ,$0.42 ,5
149,PA,$85.00 ,$0.42 ,$0.42 ,$0.42 ,$0.42 ,$0.42 ,$0.42 ,5
150,PA,$85.00 ,$0.42 ,$0.42 ,$0.42 ,$0.42 ,$0.42 ,$0.42 ,5
151,PA,$85.00 ,$0.42 ,$0.42 ,$0.42 ,$0.42 ,$0.42 ,$0.42 ,5
152,PA,$85.00 ,$0.42 ,$0.42 ,$0.42 ,$0.42 ,$0.42 ,$0.42 ,5
153,PA,$85.00 ,$0.42 ,$0.42 ,$0.42 ,$0.42 ,$0.42 ,$0.42 ,5
154,PA,$85.00 ,$0.42 ,$0.42 ,$0.42 ,$0.42 ,$0.42 ,$0.42 ,5
155,PA,$85.00 ,$0.42 ,$0.42 ,$0.42 ,$0.42 ,$0.42 ,$0.42 ,5
156,PA,$85.00 ,$0.42 ,$0.42 ,$0.42 ,$0.42 ,$0.42 ,$0.42 ,5
157,PA,$85.00 ,$0.42 ,$0.42 ,$0.42 ,$0.42 ,$0.42 ,$0.42 ,5
158,PA,$85.00 ,$0.42 ,$0.42 ,$0.42 ,$0.42 ,$0.42 ,$0.42 ,5
159,PA,$85.00 ,$0.42 ,$0.42 ,$0.42 ,$0.42 ,$0.42 ,$0.42 ,5
160,PA,$85.00 ,$0.42 ,$0.42 ,$0.42 ,$0.42 ,$0.42 ,$0.42 ,5
161,PA,$85.00 ,$0.42 ,$0.42 ,$0.42 ,$0.42 ,$0.42 ,$0.42 ,5
162,PA,$85.00 ,$0.42 ,$0.42 ,$0.42 ,$0.42 ,$0.42 ,$0.42 ,5
163,PA,$85.00 ,$0.42 ,$0.42 ,$0.42 ,$0.42 ,$0.42 ,$0.42 ,5
164,PA,$85.00 ,$0.42 ,$0.42 ,$0.42 ,$0.42 ,$0.42 ,$0.42 ,5
165,PA,$85.00 ,$0.42 ,$0.42 ,$0.42 ,$0.42 ,$0.42 ,$0.42 ,5
166,PA,$85.00 ,$0.42 ,$0.42 ,$0.42 ,$0.42 ,$0.42 ,$0.42 ,5
167,PA,$85.00 ,$0.42 ,$0.42 ,$0.42 ,$0.42 ,$0.42 ,$0.42 ,5
168,PA,$85.00 ,$0.42 ,$0.42 ,$0.42 ,$0.42 ,$0.42 ,$0.42 ,5
169,PA,$85.00 ,$0.42 ,$0.42 ,$0.42 ,$0.42 ,$0.42 ,$0.42 ,5
170,PA,$85.00 ,$0.42 ,$0.42 ,$0.42 ,$0.42 ,$0.42 ,$0.42 ,5
171,PA,$85.00 ,$0.42 ,$0.42 ,$0.42 ,$0.42 ,$0.42 ,$0.42 ,5
172,PA,$85.00 ,$0.42 ,$0.42 ,$0.42 ,$0.42 ,$0.42 ,$0.42 ,5
173,PA,$85.00 ,$0.42 ,$0.42 ,$0.42 ,$0.42 ,$0.42 ,$0.42 ,5
174,PA,$85.00 ,$0.42 ,$0.42 ,$0.42 ,$0.42 ,$0.42 ,$0.42 ,5
175,PA,$85.00 ,$0.42 ,$0.42 ,$0.42 ,$0.42 ,$0.42 ,$0.42 ,5
176,PA,$85.00 ,$0.42 ,$0.42 ,$0.42 ,$0.42 ,$0.42 ,$0.42 ,5
177,PA,$85.00 ,$0.42 ,$0.42 ,$0.42 ,$0.42 ,$0.42 ,$0.42 ,5
178,PA,$85.00 ,$0.35 ,$0.35 ,$0.35 ,$0.35 ,$0.35 ,$0.35 ,5
179,PA,$85.00 ,$0.35 ,$0.35 ,$0.35 ,$0.35 ,$0.35 ,$0.35 ,5
180,PA,$85.00 ,$0.35 ,$0.35 ,$0.35 ,$0.35 ,$0.35 ,$0.35 ,5
181,PA,$85.00 ,$0.35 ,$0.35 ,$0.35 ,$0.35 ,$0.35 ,$0.35 ,5
182,PA,$85.00 ,$0.35 ,$0.35 ,$0.35 ,$0.35 ,$0.35 ,$0.35 ,5
183,PA,$85.00 ,$0.35 ,$0.35 ,$0.35 ,$0.35 ,$0.35 ,$0.35 ,5
184,PA,$85.00 ,$0.35 ,$0.35 ,$0.35 ,$0.35 ,$0.35 ,$0.35 ,5
185,PA,$85.00 ,$0.35 ,$0.35 ,$0.35 ,$0.35 ,$0.35 ,$0.35 ,5
186,PA,$85.00 ,$0.35 ,$0.35 ,$0.35 ,$0.35 ,$0.35 ,$0.35 ,5
187,PA,$85.00 ,$0.35 ,$0.35 ,$0.35 ,$0.35 ,$0.35 ,$0.35 ,5
188,DE,$85.00 ,$0.42 ,$0.42 ,$0.42 ,$0.42 ,$0.42 ,$0.42 ,5
189,DE,$85.00 ,$0.42 ,$0.42 ,$0.42 ,$0.42 ,$0.42 ,$0.42 ,5
190,DE,$85.00 ,$0.42 ,$0.42 ,$0.42 ,$0.42 ,$0.42 ,$0.42 ,5
191,DC,$85.00 ,$0.42 ,$0.42 ,$0.42 ,$0.42 ,$0.42 ,$0.42 ,5
192,VA,$85.00 ,$0.42 ,$0.42 ,$0.42 ,$0.42 ,$0.42 ,$0.42 ,5
193,DC,$85.00 ,$0.42 ,$0.42 ,$0.42 ,$0.42 ,$0.42 ,$0.42 ,5
194,DC,$85.00 ,$0.42 ,$0.42 ,$0.42 ,$0.42 ,$0.42 ,$0.42 ,5
195,DC,$85.00 ,$0.42 ,$0.42 ,$0.42 ,$0.42 ,$0.42 ,$0.42 ,5
196,DC,$85.00 ,$0.42 ,$0.42 ,$0.42 ,$0.42 ,$0.42 ,$0.42 ,5
197,MD,$85.00 ,$0.42 ,$0.42 ,$0.42 ,$0.42 ,$0.42 ,$0.42 ,5
198,VA,$85.00 ,$0.42 ,$0.42 ,$0.42 ,$0.42 ,$0.42 ,$0.42 ,5
199,MD,$85.00 ,$0.42 ,$0.42 ,$0.42 ,$0.42 ,$0.42 ,$0.42 ,5
200,MD,$85.00 ,$0.42 ,$0.42 ,$0.42 ,$0.42 ,$0.42 ,$0.42 ,5
201,MD,$85.00 ,$0.42 ,$0.42 ,$0.42 ,$0.42 ,$0.42 ,$0.42 ,5
202,MD,$85.00 ,$0.42 ,$0.42 ,$0.42 ,$0.42 ,$0.42 ,$0.42 ,5
203,MD,$85.00 ,$0.42 ,$0.42 ,$0.42 ,$0.42 ,$0.42 ,$0.42 ,5
204,MD,$85.00 ,$0.42 ,$0.42 ,$0.42 ,$0.42 ,$0.42 ,$0.42 ,5
205,MD,$85.00 ,$0.42 ,$0.42 ,$0.42 ,$0.42 ,$0.42 ,$0.42 ,5
206,MD,$85.00 ,$0.42 ,$0.42 ,$0.42 ,$0.42 ,$0.42 ,$0.42 ,5
207,MD,$85.00 ,$0.42 ,$0.42 ,$0.42 ,$0.42 ,$0.42 ,$0.42 ,5
208,MD,$85.00 ,$0.42 ,$0.42 ,$0.42 ,$0.42 ,$0.42 ,$0.42 ,5
209,MD,$85.00 ,$0.42 ,$0.42 ,$0.42 ,$0.42 ,$0.42 ,$0.42 ,5
210,MD,$85.00 ,$0.42 ,$0.42 ,$0.42 ,$0.42 ,$0.42 ,$0.42 ,5
211,MD,$85.00 ,$0.42 ,$0.42 ,$0.42 ,$0.42 ,$0.42 ,$0.42 ,5
212,VA,$85.00 ,$0.42 ,$0.42 ,$0.42 ,$0.42 ,$0.42 ,$0.42 ,5
213,VA,$85.00 ,$0.42 ,$0.42 ,$0.42 ,$0.42 ,$0.42 ,$0.42 ,5
214,VA,$85.00 ,$0.42 ,$0.42 ,$0.42 ,$0.42 ,$0.42 ,$0.42 ,5
215,VA,$85.00 ,$0.42 ,$0.42 ,$0.42 ,$0.42 ,$0.42 ,$0.42 ,5
216,VA,$85.00 ,$0.42 ,$0.42 ,$0.42 ,$0.42 ,$0.42 ,$0.42 ,5
217,VA,$85.00 ,$0.42 ,$0.42 ,$0.42 ,$0.42 ,$0.42 ,$0.42 ,5
218,VA,$85.00 ,$0.42 ,$0.42 ,$0.42 ,$0.42 ,$0.42 ,$0.42 ,5
219,VA,$85.00 ,$0.42 ,$0.42 ,$0.42 ,$0.42 ,$0.42 ,$0.42 ,5
220,VA,$85.00 ,$0.42 ,$0.42 ,$0.42 ,$0.42 ,$0.42 ,$0.42 ,5
221,VA,$85.00 ,$0.42 ,$0.42 ,$0.42 ,$0.42 ,$0.42 ,$0.42 ,5
222,VA,$85.00 ,$0.42 ,$0.42 ,$0.42 ,$0.42 ,$0.42 ,$0.42 ,5
223,VA,$85.00 ,$0.42 ,$0.42 ,$0.42 ,$0.42 ,$0.42 ,$0.42 ,5
224,VA,$85.00 ,$0.42 ,$0.42 ,$0.42 ,$0.42 ,$0.42 ,$0.42 ,5
225,VA,$85.00 ,$0.42 ,$0.42 ,$0.42 ,$0.42 ,$0.42 ,$0.42 ,5
226,VA,$85.00 ,$0.42 ,$0.42 ,$0.42 ,$0.42 ,$0.42 ,$0.42 ,5
227,VA,$85.00 ,$0.42 ,$0.42 ,$0.42 ,$0.42 ,$0.42 ,$0.42 ,5
228,VA,$85.00 ,$0.42 ,$0.42 ,$0.42 ,$0.42 ,$0.42 ,$0.42 ,5
229,VA,$85.00 ,$0.42 ,$0.42 ,$0.42 ,$0.42 ,$0.42 ,$0.42 ,5
230,VA,$85.00 ,$0.42 ,$0.42 ,$0.42 ,$0.42 ,$0.42 ,$0.42 ,5
231,VA,$85.00 ,$0.42 ,$0.42 ,$0.42 ,$0.42 ,$0.42 ,$0.42 ,5
232,VA,$85.00 ,$0.42 ,$0.42 ,$0.42 ,$0.42 ,$0.42 ,$0.42 ,5
233,VA,$85.00 ,$0.42 ,$0.42 ,$0.42 ,$0.42 ,$0.42 ,$0.42 ,5
234,VA,$85.00 ,$0.42 ,$0.42 ,$0.42 ,$0.42 ,$0.42 ,$0.42 ,5
235,VA,$85.00 ,$0.42 ,$0.42 ,$0.42 ,$0.42 ,$0.42 ,$0.42 ,5
236,VA,$85.00 ,$0.42 ,$0.42 ,$0.42 ,$0.42 ,$0.42 ,$0.42 ,5
237,VA,$85.00 ,$0.42 ,$0.42 ,$0.42 ,$0.42 ,$0.42 ,$0.42 ,5
238,VA,$85.00 ,$0.42 ,$0.42 ,$0.42 ,$0.42 ,$0.42 ,$0.42 ,5
239,WV,$95.00 ,$0.47 ,$0.47 ,$0.47 ,$0.47 ,$0.47 ,$0.47 ,5
240,WV,$95.00 ,$0.47 ,$0.47 ,$0.47 ,$0.47 ,$0.47 ,$0.47 ,5
241,WV,$95.00 ,$0.47 ,$0.47 ,$0.47 ,$0.47 ,$0.47 ,$0.47 ,5
242,WV,$95.00 ,$0.47 ,$0.47 ,$0.47 ,$0.47 ,$0.47 ,$0.47 ,5
243,WV,$95.00 ,$0.47 ,$0.47 ,$0.47 ,$0.47 ,$0.47 ,$0.47 ,5
244,WV,$95.00 ,$0.47 ,$0.47 ,$0.47 ,$0.47 ,$0.47 ,$0.47 ,5
245,WV,$95.00 ,$0.47 ,$0.47 ,$0.47 ,$0.47 ,$0.47 ,$0.47 ,5
246,WV,$95.00 ,$0.47 ,$0.47 ,$0.47 ,$0.47 ,$0.47 ,$0.47 ,5
247,WV,$95.00 ,$0.47 ,$0.47 ,$0.47 ,$0.47 ,$0.47 ,$0.47 ,5
248,WV,$95.00 ,$0.47 ,$0.47 ,$0.47 ,$0.47 ,$0.47 ,$0.47 ,5
249,WV,$95.00 ,$0.47 ,$0.47 ,$0.47 ,$0.47 ,$0.47 ,$0.47 ,5
250,WV,$95.00 ,$0.47 ,$0.47 ,$0.47 ,$0.47 ,$0.47 ,$0.47 ,5
251,WV,$95.00 ,$0.47 ,$0.47 ,$0.47 ,$0.47 ,$0.47 ,$0.47 ,5
252,WV,$95.00 ,$0.47 ,$0.47 ,$0.47 ,$0.47 ,$0.47 ,$0.47 ,5
253,WV,$95.00 ,$0.47 ,$0.47 ,$0.47 ,$0.47 ,$0.47 ,$0.47 ,5
254,WV,$95.00 ,$0.47 ,$0.47 ,$0.47 ,$0.47 ,$0.47 ,$0.47 ,5
255,WV,$95.00 ,$0.47 ,$0.47 ,$0.47 ,$0.47 ,$0.47 ,$0.47 ,5
256,WV,$95.00 ,$0.47 ,$0.47 ,$0.47 ,$0.47 ,$0.47 ,$0.47 ,5
257,WV,$95.00 ,$0.47 ,$0.47 ,$0.47 ,$0.47 ,$0.47 ,$0.47 ,5
258,WV,$95.00 ,$0.47 ,$0.47 ,$0.47 ,$0.47 ,$0.47 ,$0.47 ,5
259,WV,$95.00 ,$0.47 ,$0.47 ,$0.47 ,$0.47 ,$0.47 ,$0.47 ,5
260,WV,$95.00 ,$0.47 ,$0.47 ,$0.47 ,$0.47 ,$0.47 ,$0.47 ,5
261,NC,$85.00 ,$0.23 ,$0.23 ,$0.23 ,$0.23 ,$0.23 ,$0.23 ,5
262,NC,$85.00 ,$0.23 ,$0.23 ,$0.23 ,$0.23 ,$0.23 ,$0.23 ,5
263,NC,$85.00 ,$0.23 ,$0.23 ,$0.23 ,$0.23 ,$0.23 ,$0.23 ,5
264,NC,$85.00 ,$0.23 ,$0.23 ,$0.23 ,$0.23 ,$0.23 ,$0.23 ,5
265,NC,$85.00 ,$0.23 ,$0.23 ,$0.23 ,$0.23 ,$0.23 ,$0.23 ,5
266,NC,$85.00 ,$0.23 ,$0.23 ,$0.23 ,$0.23 ,$0.23 ,$0.23 ,5
267,NC,$85.00 ,$0.23 ,$0.23 ,$0.23 ,$0.23 ,$0.23 ,$0.23 ,5
268,NC,$85.00 ,$0.23 ,$0.23 ,$0.23 ,$0.23 ,$0.23 ,$0.23 ,5
269,NC,$85.00 ,$0.23 ,$0.23 ,$0.23 ,$0.23 ,$0.23 ,$0.23 ,5
270,NC,$85.00 ,$0.23 ,$0.23 ,$0.23 ,$0.23 ,$0.23 ,$0.23 ,5
271,NC,$85.00 ,$0.23 ,$0.23 ,$0.23 ,$0.23 ,$0.23 ,$0.23 ,5
272,NC,$85.00 ,$0.23 ,$0.23 ,$0.23 ,$0.23 ,$0.23 ,$0.23 ,5
273,NC,$85.00 ,$0.23 ,$0.23 ,$0.23 ,$0.23 ,$0.23 ,$0.23 ,5
274,NC,$85.00 ,$0.23 ,$0.23 ,$0.23 ,$0.23 ,$0.23 ,$0.23 ,5
275,NC,$85.00 ,$0.23 ,$0.23 ,$0.23 ,$0.23 ,$0.23 ,$0.23 ,5
276,NC,$85.00 ,$0.23 ,$0.23 ,$0.23 ,$0.23 ,$0.23 ,$0.23 ,5
277,NC,$85.00 ,$0.23 ,$0.23 ,$0.23 ,$0.23 ,$0.23 ,$0.23 ,5
278,NC,$85.00 ,$0.23 ,$0.23 ,$0.23 ,$0.23 ,$0.23 ,$0.23 ,5
279,NC,$85.00 ,$0.23 ,$0.23 ,$0.23 ,$0.23 ,$0.23 ,$0.23 ,5
280,NC,$85.00 ,$0.23 ,$0.23 ,$0.23 ,$0.23 ,$0.23 ,$0.23 ,5
281,SC,$85.00 ,$0.27 ,$0.27 ,$0.27 ,$0.27 ,$0.27 ,$0.27 ,5
282,SC,$85.00 ,$0.27 ,$0.27 ,$0.27 ,$0.27 ,$0.27 ,$0.27 ,5
283,SC,$85.00 ,$0.27 ,$0.27 ,$0.27 ,$0.27 ,$0.27 ,$0.27 ,5
284,SC,$85.00 ,$0.27 ,$0.27 ,$0.27 ,$0.27 ,$0.27 ,$0.27 ,5
285,SC,$85.00 ,$0.27 ,$0.27 ,$0.27 ,$0.27 ,$0.27 ,$0.27 ,5
286,SC,$85.00 ,$0.27 ,$0.27 ,$0.27 ,$0.27 ,$0.27 ,$0.27 ,5
287,SC,$85.00 ,$0.27 ,$0.27 ,$0.27 ,$0.27 ,$0.27 ,$0.27 ,5
288,SC,$85.00 ,$0.27 ,$0.27 ,$0.27 ,$0.27 ,$0.27 ,$0.27 ,5
289,SC,$85.00 ,$0.27 ,$0.27 ,$0.27 ,$0.27 ,$0.27 ,$0.27 ,5
290,SC,$85.00 ,$0.27 ,$0.27 ,$0.27 ,$0.27 ,$0.27 ,$0.27 ,5
291,GA,$85.00 ,$0.25 ,$0.25 ,$0.25 ,$0.25 ,$0.25 ,$0.25 ,4
292,GA,$85.00 ,$0.25 ,$0.25 ,$0.25 ,$0.25 ,$0.25 ,$0.25 ,4
293,GA,$85.00 ,$0.25 ,$0.25 ,$0.25 ,$0.25 ,$0.25 ,$0.25 ,4
294,GA,$85.00 ,$0.25 ,$0.25 ,$0.25 ,$0.25 ,$0.25 ,$0.25 ,4
295,GA,$85.00 ,$0.25 ,$0.25 ,$0.25 ,$0.25 ,$0.25 ,$0.25 ,4
296,GA,$85.00 ,$0.25 ,$0.25 ,$0.25 ,$0.25 ,$0.25 ,$0.25 ,4
297,GA,$85.00 ,$0.25 ,$0.25 ,$0.25 ,$0.25 ,$0.25 ,$0.25 ,4
298,GA,$85.00 ,$0.25 ,$0.25 ,$0.25 ,$0.25 ,$0.25 ,$0.25 ,4
299,GA,$85.00 ,$0.25 ,$0.25 ,$0.25 ,$0.25 ,$0.25 ,$0.25 ,4
300,GA,$85.00 ,$0.25 ,$0.25 ,$0.25 ,$0.25 ,$0.25 ,$0.25 ,4
301,GA,$85.00 ,$0.25 ,$0.25 ,$0.25 ,$0.25 ,$0.25 ,$0.25 ,4
302,GA,$85.00 ,$0.25 ,$0.25 ,$0.25 ,$0.25 ,$0.25 ,$0.25 ,4
303,GA,$85.00 ,$0.25 ,$0.25 ,$0.25 ,$0.25 ,$0.25 ,$0.25 ,4
304,GA,$85.00 ,$0.25 ,$0.25 ,$0.25 ,$0.25 ,$0.25 ,$0.25 ,4
305,GA,$85.00 ,$0.25 ,$0.25 ,$0.25 ,$0.25 ,$0.25 ,$0.25 ,4
306,GA,$85.00 ,$0.25 ,$0.25 ,$0.25 ,$0.25 ,$0.25 ,$0.25 ,4
307,GA,$85.00 ,$0.25 ,$0.25 ,$0.25 ,$0.25 ,$0.25 ,$0.25 ,4
308,GA,$85.00 ,$0.25 ,$0.25 ,$0.25 ,$0.25 ,$0.25 ,$0.25 ,4
309,GA,$85.00 ,$0.25 ,$0.25 ,$0.25 ,$0.25 ,$0.25 ,$0.25 ,4
310,GA,$85.00 ,$0.25 ,$0.25 ,$0.25 ,$0.25 ,$0.25 ,$0.25 ,4
311,FL,$85.00 ,$0.42 ,$0.42 ,$0.42 ,$0.42 ,$0.42 ,$0.42 ,5
312,FL,$85.00 ,$0.42 ,$0.42 ,$0.42 ,$0.42 ,$0.42 ,$0.42 ,5
313,FL,$85.00 ,$0.42 ,$0.42 ,$0.42 ,$0.42 ,$0.42 ,$0.42 ,5
314,FL,$85.00 ,$0.42 ,$0.42 ,$0.42 ,$0.42 ,$0.42 ,$0.42 ,5
315,FL,$85.00 ,$0.42 ,$0.42 ,$0.42 ,$0.42 ,$0.42 ,$0.42 ,5
316,FL,$85.00 ,$0.42 ,$0.42 ,$0.42 ,$0.42 ,$0.42 ,$0.42 ,5
317,FL,$85.00 ,$0.42 ,$0.42 ,$0.42 ,$0.42 ,$0.42 ,$0.42 ,5
318,FL,$85.00 ,$0.42 ,$0.42 ,$0.42 ,$0.42 ,$0.42 ,$0.42 ,5
319,FL,$85.00 ,$0.42 ,$0.42 ,$0.42 ,$0.42 ,$0.42 ,$0.42 ,5
320,FL,$85.00 ,$0.42 ,$0.42 ,$0.42 ,$0.42 ,$0.42 ,$0.42 ,5
321,FL,$85.00 ,$0.42 ,$0.42 ,$0.42 ,$0.42 ,$0.42 ,$0.42 ,5
322,FL,$85.00 ,$0.42 ,$0.42 ,$0.42 ,$0.42 ,$0.42 ,$0.42 ,5
323,FL,$85.00 ,$0.42 ,$0.42 ,$0.42 ,$0.42 ,$0.42 ,$0.42 ,5
324,FL,$85.00 ,$0.42 ,$0.42 ,$0.42 ,$0.42 ,$0.42 ,$0.42 ,5
325,FL,$85.00 ,$0.42 ,$0.42 ,$0.42 ,$0.42 ,$0.42 ,$0.42 ,5
326,FL,$85.00 ,$0.42 ,$0.42 ,$0.42 ,$0.42 ,$0.42 ,$0.42 ,5
327,FL,$85.00 ,$0.42 ,$0.42 ,$0.42 ,$0.42 ,$0.42 ,$0.42 ,5
328,FL,$85.00 ,$0.42 ,$0.42 ,$0.42 ,$0.42 ,$0.42 ,$0.42 ,5
329,FL,$85.00 ,$0.42 ,$0.42 ,$0.42 ,$0.42 ,$0.42 ,$0.42 ,5
330,FL,$85.00 ,$0.42 ,$0.42 ,$0.42 ,$0.42 ,$0.42 ,$0.42 ,5
331,FL,$85.00 ,$0.42 ,$0.42 ,$0.42 ,$0.42 ,$0.42 ,$0.42 ,5
332,FL,$85.00 ,$0.42 ,$0.42 ,$0.42 ,$0.42 ,$0.42 ,$0.42 ,5
333,FL,$85.00 ,$0.42 ,$0.42 ,$0.42 ,$0.42 ,$0.42 ,$0.42 ,5
334,FL,$85.00 ,$0.42 ,$0.42 ,$0.42 ,$0.42 ,$0.42 ,$0.42 ,5
335,FL,$85.00 ,$0.42 ,$0.42 ,$0.42 ,$0.42 ,$0.42 ,$0.42 ,5
336,FL,$85.00 ,$0.42 ,$0.42 ,$0.42 ,$0.42 ,$0.42 ,$0.42 ,5
337,AL,$85.00 ,$0.40 ,$0.40 ,$0.40 ,$0.40 ,$0.40 ,$0.40 ,5
338,AL,$85.00 ,$0.40 ,$0.40 ,$0.40 ,$0.40 ,$0.40 ,$0.40 ,5
339,AL,$85.00 ,$0.40 ,$0.40 ,$0.40 ,$0.40 ,$0.40 ,$0.40 ,5
340,AL,$85.00 ,$0.40 ,$0.40 ,$0.40 ,$0.40 ,$0.40 ,$0.40 ,5
341,AL,$85.00 ,$0.40 ,$0.40 ,$0.40 ,$0.40 ,$0.40 ,$0.40 ,5
342,AL,$85.00 ,$0.40 ,$0.40 ,$0.40 ,$0.40 ,$0.40 ,$0.40 ,5
343,AL,$85.00 ,$0.40 ,$0.40 ,$0.40 ,$0.40 ,$0.40 ,$0.40 ,5
344,AL,$85.00 ,$0.40 ,$0.40 ,$0.40 ,$0.40 ,$0.40 ,$0.40 ,5
345,AL,$85.00 ,$0.40 ,$0.40 ,$0.40 ,$0.40 ,$0.40 ,$0.40 ,5
346,AL,$85.00 ,$0.40 ,$0.40 ,$0.40 ,$0.40 ,$0.40 ,$0.40 ,5
347,AL,$85.00 ,$0.40 ,$0.40 ,$0.40 ,$0.40 ,$0.40 ,$0.40 ,5
348,AL,$85.00 ,$0.40 ,$0.40 ,$0.40 ,$0.40 ,$0.40 ,$0.40 ,5
349,AL,$85.00 ,$0.40 ,$0.40 ,$0.40 ,$0.40 ,$0.40 ,$0.40 ,5
350,AL,$85.00 ,$0.40 ,$0.40 ,$0.40 ,$0.40 ,$0.40 ,$0.40 ,5
351,AL,$85.00 ,$0.40 ,$0.40 ,$0.40 ,$0.40 ,$0.40 ,$0.40 ,5
352,AL,$85.00 ,$0.40 ,$0.40 ,$0.40 ,$0.40 ,$0.40 ,$0.40 ,5
353,AL,$85.00 ,$0.40 ,$0.40 ,$0.40 ,$0.40 ,$0.40 ,$0.40 ,5
354,AL,$85.00 ,$0.40 ,$0.40 ,$0.40 ,$0.40 ,$0.40 ,$0.40 ,5
355,AL,$85.00 ,$0.40 ,$0.40 ,$0.40 ,$0.40 ,$0.40 ,$0.40 ,5
356,TN,$85.00 ,$0.26 ,$0.26 ,$0.26 ,$0.26 ,$0.26 ,$0.26 ,4
357,TN,$85.00 ,$0.26 ,$0.26 ,$0.26 ,$0.26 ,$0.26 ,$0.26 ,4
358,TN,$85.00 ,$0.26 ,$0.26 ,$0.26 ,$0.26 ,$0.26 ,$0.26 ,4
359,TN,$85.00 ,$0.26 ,$0.26 ,$0.26 ,$0.26 ,$0.26 ,$0.26 ,4
360,TN,$85.00 ,$0.26 ,$0.26 ,$0.26 ,$0.26 ,$0.26 ,$0.26 ,4
361,TN,$85.00 ,$0.26 ,$0.26 ,$0.26 ,$0.26 ,$0.26 ,$0.26 ,4
362,TN,$85.00 ,$0.26 ,$0.26 ,$0.26 ,$0.26 ,$0.26 ,$0.26 ,4
363,TN,$85.00 ,$0.28 ,$0.28 ,$0.28 ,$0.28 ,$0.28 ,$0.28 ,4
364,TN,$85.00 ,$0.28 ,$0.28 ,$0.28 ,$0.28 ,$0.28 ,$0.28 ,4
365,TN,$85.00 ,$0.28 ,$0.28 ,$0.28 ,$0.28 ,$0.28 ,$0.28 ,4
366,TN,$85.00 ,$0.28 ,$0.28 ,$0.28 ,$0.28 ,$0.28 ,$0.28 ,4
367,TN,$85.00 ,$0.28 ,$0.28 ,$0.28 ,$0.28 ,$0.28 ,$0.28 ,4
368,TN,$85.00 ,$0.28 ,$0.28 ,$0.28 ,$0.28 ,$0.28 ,$0.28 ,4
369,TN,$85.00 ,$0.28 ,$0.28 ,$0.28 ,$0.28 ,$0.28 ,$0.28 ,4
370,TN,$85.00 ,$0.28 ,$0.28 ,$0.28 ,$0.28 ,$0.28 ,$0.28 ,4
371,TN,$85.00 ,$0.28 ,$0.28 ,$0.28 ,$0.28 ,$0.28 ,$0.28 ,4
372,MS,$95.00 ,$0.42 ,$0.42 ,$0.42 ,$0.42 ,$0.42 ,$0.42 ,5
373,MS,$95.00 ,$0.42 ,$0.42 ,$0.42 ,$0.42 ,$0.42 ,$0.42 ,5
374,MS,$95.00 ,$0.42 ,$0.42 ,$0.42 ,$0.42 ,$0.42 ,$0.42 ,5
375,MS,$95.00 ,$0.42 ,$0.42 ,$0.42 ,$0.42 ,$0.42 ,$0.42 ,5
376,MS,$95.00 ,$0.42 ,$0.42 ,$0.42 ,$0.42 ,$0.42 ,$0.42 ,5
377,MS,$95.00 ,$0.42 ,$0.42 ,$0.42 ,$0.42 ,$0.42 ,$0.42 ,5
378,MS,$95.00 ,$0.42 ,$0.42 ,$0.42 ,$0.42 ,$0.42 ,$0.42 ,5
379,MS,$95.00 ,$0.42 ,$0.42 ,$0.42 ,$0.42 ,$0.42 ,$0.42 ,5
380,MS,$95.00 ,$0.42 ,$0.42 ,$0.42 ,$0.42 ,$0.42 ,$0.42 ,5
381,MS,$95.00 ,$0.42 ,$0.42 ,$0.42 ,$0.42 ,$0.42 ,$0.42 ,5
382,MS,$95.00 ,$0.42 ,$0.42 ,$0.42 ,$0.42 ,$0.42 ,$0.42 ,5
383,MS,$95.00 ,$0.42 ,$0.42 ,$0.42 ,$0.42 ,$0.42 ,$0.42 ,5
384,GA,$85.00 ,$0.25 ,$0.25 ,$0.25 ,$0.25 ,$0.25 ,$0.25 ,4
385,GA,$85.00 ,$0.25 ,$0.25 ,$0.25 ,$0.25 ,$0.25 ,$0.25 ,4
386,KY,$85.00 ,$0.35 ,$0.35 ,$0.35 ,$0.35 ,$0.35 ,$0.35 ,4
387,KY,$85.00 ,$0.35 ,$0.35 ,$0.35 ,$0.35 ,$0.35 ,$0.35 ,4
388,KY,$85.00 ,$0.35 ,$0.35 ,$0.35 ,$0.35 ,$0.35 ,$0.35 ,4
389,KY,$85.00 ,$0.35 ,$0.35 ,$0.35 ,$0.35 ,$0.35 ,$0.35 ,4
390,KY,$85.00 ,$0.35 ,$0.35 ,$0.35 ,$0.35 ,$0.35 ,$0.35 ,4
391,KY,$85.00 ,$0.35 ,$0.35 ,$0.35 ,$0.35 ,$0.35 ,$0.35 ,4
392,KY,$85.00 ,$0.35 ,$0.35 ,$0.35 ,$0.35 ,$0.35 ,$0.35 ,4
393,KY,$85.00 ,$0.35 ,$0.35 ,$0.35 ,$0.35 ,$0.35 ,$0.35 ,4
394,KY,$85.00 ,$0.35 ,$0.35 ,$0.35 ,$0.35 ,$0.35 ,$0.35 ,4
395,KY,$85.00 ,$0.35 ,$0.35 ,$0.35 ,$0.35 ,$0.35 ,$0.35 ,4
396,KY,$85.00 ,$0.35 ,$0.35 ,$0.35 ,$0.35 ,$0.35 ,$0.35 ,4
397,KY,$85.00 ,$0.35 ,$0.35 ,$0.35 ,$0.35 ,$0.35 ,$0.35 ,4
398,KY,$85.00 ,$0.35 ,$0.35 ,$0.35 ,$0.35 ,$0.35 ,$0.35 ,4
399,KY,$85.00 ,$0.35 ,$0.35 ,$0.35 ,$0.35 ,$0.35 ,$0.35 ,4
400,KY,$85.00 ,$0.35 ,$0.35 ,$0.35 ,$0.35 ,$0.35 ,$0.35 ,4
401,KY,$85.00 ,$0.35 ,$0.35 ,$0.35 ,$0.35 ,$0.35 ,$0.35 ,4
402,KY,$85.00 ,$0.35 ,$0.35 ,$0.35 ,$0.35 ,$0.35 ,$0.35 ,4
403,KY,$85.00 ,$0.35 ,$0.35 ,$0.35 ,$0.35 ,$0.35 ,$0.35 ,4
404,KY,$85.00 ,$0.35 ,$0.35 ,$0.35 ,$0.35 ,$0.35 ,$0.35 ,4
405,KY,$85.00 ,$0.35 ,$0.35 ,$0.35 ,$0.35 ,$0.35 ,$0.35 ,4
406,KY,$85.00 ,$0.35 ,$0.35 ,$0.35 ,$0.35 ,$0.35 ,$0.35 ,4
407,KY,$85.00 ,$0.35 ,$0.35 ,$0.35 ,$0.35 ,$0.35 ,$0.35 ,4
408,KY,$85.00 ,$0.35 ,$0.35 ,$0.35 ,$0.35 ,$0.35 ,$0.35 ,4
409,KY,$85.00 ,$0.35 ,$0.35 ,$0.35 ,$0.35 ,$0.35 ,$0.35 ,4
410,KY,$85.00 ,$0.35 ,$0.35 ,$0.35 ,$0.35 ,$0.35 ,$0.35 ,4
411,KY,$85.00 ,$0.35 ,$0.35 ,$0.35 ,$0.35 ,$0.35 ,$0.35 ,4
412,KY,$85.00 ,$0.35 ,$0.35 ,$0.35 ,$0.35 ,$0.35 ,$0.35 ,4
413,OH,$85.00 ,$0.35 ,$0.35 ,$0.35 ,$0.35 ,$0.35 ,$0.35 ,5
414,OH,$85.00 ,$0.35 ,$0.35 ,$0.35 ,$0.35 ,$0.35 ,$0.35 ,5
415,OH,$85.00 ,$0.35 ,$0.35 ,$0.35 ,$0.35 ,$0.35 ,$0.35 ,5
416,OH,$85.00 ,$0.35 ,$0.35 ,$0.35 ,$0.35 ,$0.35 ,$0.35 ,5
417,OH,$85.00 ,$0.35 ,$0.35 ,$0.35 ,$0.35 ,$0.35 ,$0.35 ,5
418,OH,$85.00 ,$0.35 ,$0.35 ,$0.35 ,$0.35 ,$0.35 ,$0.35 ,5
419,OH,$85.00 ,$0.35 ,$0.35 ,$0.35 ,$0.35 ,$0.35 ,$0.35 ,5
420,OH,$85.00 ,$0.35 ,$0.35 ,$0.35 ,$0.35 ,$0.35 ,$0.35 ,5
421,OH,$85.00 ,$0.35 ,$0.35 ,$0.35 ,$0.35 ,$0.35 ,$0.35 ,5
422,OH,$85.00 ,$0.35 ,$0.35 ,$0.35 ,$0.35 ,$0.35 ,$0.35 ,5
423,OH,$85.00 ,$0.35 ,$0.35 ,$0.35 ,$0.35 ,$0.35 ,$0.35 ,5
424,OH,$85.00 ,$0.35 ,$0.35 ,$0.35 ,$0.35 ,$0.35 ,$0.35 ,5
425,OH,$85.00 ,$0.35 ,$0.35 ,$0.35 ,$0.35 ,$0.35 ,$0.35 ,5
426,OH,$85.00 ,$0.35 ,$0.35 ,$0.35 ,$0.35 ,$0.35 ,$0.35 ,5
427,OH,$85.00 ,$0.35 ,$0.35 ,$0.35 ,$0.35 ,$0.35 ,$0.35 ,5
428,OH,$85.00 ,$0.35 ,$0.35 ,$0.35 ,$0.35 ,$0.35 ,$0.35 ,5
429,OH,$85.00 ,$0.35 ,$0.35 ,$0.35 ,$0.35 ,$0.35 ,$0.35 ,5
430,OH,$85.00 ,$0.35 ,$0.35 ,$0.35 ,$0.35 ,$0.35 ,$0.35 ,5
431,OH,$85.00 ,$0.35 ,$0.35 ,$0.35 ,$0.35 ,$0.35 ,$0.35 ,5
432,OH,$85.00 ,$0.35 ,$0.35 ,$0.35 ,$0.35 ,$0.35 ,$0.35 ,5
433,OH,$85.00 ,$0.35 ,$0.35 ,$0.35 ,$0.35 ,$0.35 ,$0.35 ,5
434,OH,$85.00 ,$0.35 ,$0.35 ,$0.35 ,$0.35 ,$0.35 ,$0.35 ,5
435,OH,$85.00 ,$0.35 ,$0.35 ,$0.35 ,$0.35 ,$0.35 ,$0.35 ,5
436,OH,$85.00 ,$0.35 ,$0.35 ,$0.35 ,$0.35 ,$0.35 ,$0.35 ,5
437,OH,$85.00 ,$0.35 ,$0.35 ,$0.35 ,$0.35 ,$0.35 ,$0.35 ,5
438,OH,$85.00 ,$0.35 ,$0.35 ,$0.35 ,$0.35 ,$0.35 ,$0.35 ,5
439,OH,$85.00 ,$0.35 ,$0.35 ,$0.35 ,$0.35 ,$0.35 ,$0.35 ,5
440,OH,$85.00 ,$0.35 ,$0.35 ,$0.35 ,$0.35 ,$0.35 ,$0.35 ,5
441,OH,$85.00 ,$0.35 ,$0.35 ,$0.35 ,$0.35 ,$0.35 ,$0.35 ,5
442,OH,$85.00 ,$0.35 ,$0.35 ,$0.35 ,$0.35 ,$0.35 ,$0.35 ,5
443,IN,$85.00 ,$0.40 ,$0.40 ,$0.40 ,$0.40 ,$0.40 ,$0.40 ,5
444,IN,$85.00 ,$0.40 ,$0.40 ,$0.40 ,$0.40 ,$0.40 ,$0.40 ,5
445,IN,$85.00 ,$0.40 ,$0.40 ,$0.40 ,$0.40 ,$0.40 ,$0.40 ,5
446,IN,$85.00 ,$0.40 ,$0.40 ,$0.40 ,$0.40 ,$0.40 ,$0.40 ,5
447,IN,$85.00 ,$0.40 ,$0.40 ,$0.40 ,$0.40 ,$0.40 ,$0.40 ,5
448,IN,$85.00 ,$0.40 ,$0.40 ,$0.40 ,$0.40 ,$0.40 ,$0.40 ,5
449,IN,$85.00 ,$0.40 ,$0.40 ,$0.40 ,$0.40 ,$0.40 ,$0.40 ,5
450,IN,$85.00 ,$0.40 ,$0.40 ,$0.40 ,$0.40 ,$0.40 ,$0.40 ,5
451,IN,$85.00 ,$0.40 ,$0.40 ,$0.40 ,$0.40 ,$0.40 ,$0.40 ,5
452,IN,$85.00 ,$0.40 ,$0.40 ,$0.40 ,$0.40 ,$0.40 ,$0.40 ,5
453,IN,$85.00 ,$0.40 ,$0.40 ,$0.40 ,$0.40 ,$0.40 ,$0.40 ,5
454,IN,$85.00 ,$0.40 ,$0.40 ,$0.40 ,$0.40 ,$0.40 ,$0.40 ,5
455,IN,$85.00 ,$0.40 ,$0.40 ,$0.40 ,$0.40 ,$0.40 ,$0.40 ,5
456,IN,$85.00 ,$0.40 ,$0.40 ,$0.40 ,$0.40 ,$0.40 ,$0.40 ,5
457,IN,$85.00 ,$0.40 ,$0.40 ,$0.40 ,$0.40 ,$0.40 ,$0.40 ,5
458,IN,$85.00 ,$0.40 ,$0.40 ,$0.40 ,$0.40 ,$0.40 ,$0.40 ,5
459,IN,$85.00 ,$0.40 ,$0.40 ,$0.40 ,$0.40 ,$0.40 ,$0.40 ,5
460,IN,$85.00 ,$0.40 ,$0.40 ,$0.40 ,$0.40 ,$0.40 ,$0.40 ,5
461,IN,$85.00 ,$0.40 ,$0.40 ,$0.40 ,$0.40 ,$0.40 ,$0.40 ,5
462,IN,$85.00 ,$0.40 ,$0.40 ,$0.40 ,$0.40 ,$0.40 ,$0.40 ,5
463,MI,$85.00 ,$0.26 ,$0.26 ,$0.26 ,$0.26 ,$0.26 ,$0.26 ,4
464,MI,$85.00 ,$0.26 ,$0.26 ,$0.26 ,$0.26 ,$0.26 ,$0.26 ,4
465,MI,$85.00 ,$0.26 ,$0.26 ,$0.26 ,$0.26 ,$0.26 ,$0.26 ,4
466,MI,$85.00 ,$0.26 ,$0.26 ,$0.26 ,$0.26 ,$0.26 ,$0.26 ,4
467,MI,$85.00 ,$0.26 ,$0.26 ,$0.26 ,$0.26 ,$0.26 ,$0.26 ,4
468,MI,$85.00 ,$0.31 ,$0.31 ,$0.31 ,$0.31 ,$0.31 ,$0.31 ,5
469,MI,$95.00 ,$0.31 ,$0.31 ,$0.31 ,$0.31 ,$0.31 ,$0.31 ,5
470,MI,$95.00 ,$0.31 ,$0.31 ,$0.31 ,$0.31 ,$0.31 ,$0.31 ,5
471,MI,$95.00 ,$0.31 ,$0.31 ,$0.31 ,$0.31 ,$0.31 ,$0.31 ,5
472,MI,$95.00 ,$0.31 ,$0.31 ,$0.31 ,$0.31 ,$0.31 ,$0.31 ,5
473,MI,$95.00 ,$0.31 ,$0.31 ,$0.31 ,$0.31 ,$0.31 ,$0.31 ,5
474,MI,$95.00 ,$0.31 ,$0.31 ,$0.31 ,$0.31 ,$0.31 ,$0.31 ,5
475,MI,$95.00 ,$0.31 ,$0.31 ,$0.31 ,$0.31 ,$0.31 ,$0.31 ,5
476,MI,$95.00 ,$0.31 ,$0.31 ,$0.31 ,$0.31 ,$0.31 ,$0.31 ,5
477,MI,$95.00 ,$0.31 ,$0.31 ,$0.31 ,$0.31 ,$0.31 ,$0.31 ,5
478,MI,$95.00 ,$0.31 ,$0.31 ,$0.31 ,$0.31 ,$0.31 ,$0.31 ,5
479,MI,$95.00 ,$0.31 ,$0.31 ,$0.31 ,$0.31 ,$0.31 ,$0.31 ,5
480,MI,$95.00 ,$0.31 ,$0.31 ,$0.31 ,$0.31 ,$0.31 ,$0.31 ,5
481,MI,$95.00 ,$0.31 ,$0.31 ,$0.31 ,$0.31 ,$0.31 ,$0.31 ,5
482,MI,$95.00 ,$0.31 ,$0.31 ,$0.31 ,$0.31 ,$0.31 ,$0.31 ,5
483,IA,$95.00 ,$0.45 ,$0.45 ,$0.45 ,$0.45 ,$0.45 ,$0.45 ,5
484,IA,$95.00 ,$0.45 ,$0.45 ,$0.45 ,$0.45 ,$0.45 ,$0.45 ,5
485,IA,$95.00 ,$0.45 ,$0.45 ,$0.45 ,$0.45 ,$0.45 ,$0.45 ,5
486,IA,$95.00 ,$0.45 ,$0.45 ,$0.45 ,$0.45 ,$0.45 ,$0.45 ,5
487,IA,$95.00 ,$0.45 ,$0.45 ,$0.45 ,$0.45 ,$0.45 ,$0.45 ,5
488,IA,$95.00 ,$0.45 ,$0.45 ,$0.45 ,$0.45 ,$0.45 ,$0.45 ,5
489,IA,$95.00 ,$0.45 ,$0.45 ,$0.45 ,$0.45 ,$0.45 ,$0.45 ,5
490,IA,$95.00 ,$0.45 ,$0.45 ,$0.45 ,$0.45 ,$0.45 ,$0.45 ,5
491,IA,$95.00 ,$0.45 ,$0.45 ,$0.45 ,$0.45 ,$0.45 ,$0.45 ,5
492,IA,$95.00 ,$0.45 ,$0.45 ,$0.45 ,$0.45 ,$0.45 ,$0.45 ,5
493,IA,$95.00 ,$0.45 ,$0.45 ,$0.45 ,$0.45 ,$0.45 ,$0.45 ,5
494,IA,$95.00 ,$0.45 ,$0.45 ,$0.45 ,$0.45 ,$0.45 ,$0.45 ,5
495,IA,$95.00 ,$0.45 ,$0.45 ,$0.45 ,$0.45 ,$0.45 ,$0.45 ,5
496,IA,$95.00 ,$0.45 ,$0.45 ,$0.45 ,$0.45 ,$0.45 ,$0.45 ,5
497,IA,$95.00 ,$0.45 ,$0.45 ,$0.45 ,$0.45 ,$0.45 ,$0.45 ,5
498,IA,$95.00 ,$0.45 ,$0.45 ,$0.45 ,$0.45 ,$0.45 ,$0.45 ,5
499,IA,$95.00 ,$0.45 ,$0.45 ,$0.45 ,$0.45 ,$0.45 ,$0.45 ,5
500,IA,$95.00 ,$0.45 ,$0.45 ,$0.45 ,$0.45 ,$0.45 ,$0.45 ,5
501,IA,$95.00 ,$0.45 ,$0.45 ,$0.45 ,$0.45 ,$0.45 ,$0.45 ,5
502,IA,$95.00 ,$0.45 ,$0.45 ,$0.45 ,$0.45 ,$0.45 ,$0.45 ,5
503,IA,$95.00 ,$0.45 ,$0.45 ,$0.45 ,$0.45 ,$0.45 ,$0.45 ,5
504,IA,$95.00 ,$0.45 ,$0.45 ,$0.45 ,$0.45 ,$0.45 ,$0.45 ,5
505,IA,$95.00 ,$0.45 ,$0.45 ,$0.45 ,$0.45 ,$0.45 ,$0.45 ,5
506,IA,$95.00 ,$0.45 ,$0.45 ,$0.45 ,$0.45 ,$0.45 ,$0.45 ,5
507,IA,$95.00 ,$0.45 ,$0.45 ,$0.45 ,$0.45 ,$0.45 ,$0.45 ,5
508,IA,$95.00 ,$0.45 ,$0.45 ,$0.45 ,$0.45 ,$0.45 ,$0.45 ,5
509,WI,$95.00 ,$0.32 ,$0.32 ,$0.32 ,$0.32 ,$0.32 ,$0.32 ,5
510,WI,$95.00 ,$0.32 ,$0.32 ,$0.32 ,$0.32 ,$0.32 ,$0.32 ,5
511,WI,$95.00 ,$0.32 ,$0.32 ,$0.32 ,$0.32 ,$0.32 ,$0.32 ,5
512,WI,$95.00 ,$0.32 ,$0.32 ,$0.32 ,$0.32 ,$0.32 ,$0.32 ,5
513,WI,$95.00 ,$0.32 ,$0.32 ,$0.32 ,$0.32 ,$0.32 ,$0.32 ,5
514,WI,$95.00 ,$0.32 ,$0.32 ,$0.32 ,$0.32 ,$0.32 ,$0.32 ,5
515,WI,$95.00 ,$0.32 ,$0.32 ,$0.32 ,$0.32 ,$0.32 ,$0.32 ,5
516,WI,$95.00 ,$0.32 ,$0.32 ,$0.32 ,$0.32 ,$0.32 ,$0.32 ,5
517,WI,$95.00 ,$0.32 ,$0.32 ,$0.32 ,$0.32 ,$0.32 ,$0.32 ,5
518,WI,$95.00 ,$0.32 ,$0.32 ,$0.32 ,$0.32 ,$0.32 ,$0.32 ,5
519,WI,$95.00 ,$0.32 ,$0.32 ,$0.32 ,$0.32 ,$0.32 ,$0.32 ,5
520,WI,$95.00 ,$0.32 ,$0.32 ,$0.32 ,$0.32 ,$0.32 ,$0.32 ,5
521,WI,$95.00 ,$0.32 ,$0.32 ,$0.32 ,$0.32 ,$0.32 ,$0.32 ,5
522,WI,$95.00 ,$0.32 ,$0.32 ,$0.32 ,$0.32 ,$0.32 ,$0.32 ,5
523,WI,$95.00 ,$0.32 ,$0.32 ,$0.32 ,$0.32 ,$0.32 ,$0.32 ,5
524,WI,$95.00 ,$0.32 ,$0.32 ,$0.32 ,$0.32 ,$0.32 ,$0.32 ,5
525,WI,$95.00 ,$0.32 ,$0.32 ,$0.32 ,$0.32 ,$0.32 ,$0.32 ,5
526,WI,$95.00 ,$0.32 ,$0.32 ,$0.32 ,$0.32 ,$0.32 ,$0.32 ,5
527,MN,$95.00 ,$0.40 ,$0.40 ,$0.40 ,$0.40 ,$0.40 ,$0.40 ,4
528,MN,$95.00 ,$0.40 ,$0.40 ,$0.40 ,$0.40 ,$0.40 ,$0.40 ,4
529,MN,$95.00 ,$0.40 ,$0.40 ,$0.40 ,$0.40 ,$0.40 ,$0.40 ,4
530,MN,$95.00 ,$0.40 ,$0.40 ,$0.40 ,$0.40 ,$0.40 ,$0.40 ,4
531,MN,$95.00 ,$0.40 ,$0.40 ,$0.40 ,$0.40 ,$0.40 ,$0.40 ,4
532,MN,$95.00 ,$0.40 ,$0.40 ,$0.40 ,$0.40 ,$0.40 ,$0.40 ,4
533,MN,$95.00 ,$0.40 ,$0.40 ,$0.40 ,$0.40 ,$0.40 ,$0.40 ,4
534,MN,$95.00 ,$0.40 ,$0.40 ,$0.40 ,$0.40 ,$0.40 ,$0.40 ,4
535,MN,$95.00 ,$0.40 ,$0.40 ,$0.40 ,$0.40 ,$0.40 ,$0.40 ,4
536,MN,$95.00 ,$0.40 ,$0.40 ,$0.40 ,$0.40 ,$0.40 ,$0.40 ,4
537,MN,$95.00 ,$0.40 ,$0.40 ,$0.40 ,$0.40 ,$0.40 ,$0.40 ,4
538,MN,$95.00 ,$0.40 ,$0.40 ,$0.40 ,$0.40 ,$0.40 ,$0.40 ,4
539,MN,$95.00 ,$0.40 ,$0.40 ,$0.40 ,$0.40 ,$0.40 ,$0.40 ,4
540,MN,$95.00 ,$0.40 ,$0.40 ,$0.40 ,$0.40 ,$0.40 ,$0.40 ,4
541,MN,$95.00 ,$0.40 ,$0.40 ,$0.40 ,$0.40 ,$0.40 ,$0.40 ,4
542,MN,$95.00 ,$0.40 ,$0.40 ,$0.40 ,$0.40 ,$0.40 ,$0.40 ,4
543,MN,$95.00 ,$0.40 ,$0.40 ,$0.40 ,$0.40 ,$0.40 ,$0.40 ,4
544,DC,$85.00 ,$0.42 ,$0.42 ,$0.42 ,$0.42 ,$0.42 ,$0.42 ,5
545,SD,$115.00 ,$0.45 ,$0.45 ,$0.45 ,$0.45 ,$0.45 ,$0.45 ,5
546,SD,$115.00 ,$0.45 ,$0.45 ,$0.45 ,$0.45 ,$0.45 ,$0.45 ,5
547,SD,$115.00 ,$0.45 ,$0.45 ,$0.45 ,$0.45 ,$0.45 ,$0.45 ,5
548,SD,$115.00 ,$0.45 ,$0.45 ,$0.45 ,$0.45 ,$0.45 ,$0.45 ,5
549,SD,$115.00 ,$0.45 ,$0.45 ,$0.45 ,$0.45 ,$0.45 ,$0.45 ,5
550,SD,$115.00 ,$0.45 ,$0.45 ,$0.45 ,$0.45 ,$0.45 ,$0.45 ,5
551,SD,$115.00 ,$0.45 ,$0.45 ,$0.45 ,$0.45 ,$0.45 ,$0.45 ,5
552,SD,$115.00 ,$0.45 ,$0.45 ,$0.45 ,$0.45 ,$0.45 ,$0.45 ,5
553,ND,$115.00 ,$0.45 ,$0.45 ,$0.45 ,$0.45 ,$0.45 ,$0.45 ,5
554,ND,$115.00 ,$0.45 ,$0.45 ,$0.45 ,$0.45 ,$0.45 ,$0.45 ,5
555,ND,$115.00 ,$0.45 ,$0.45 ,$0.45 ,$0.45 ,$0.45 ,$0.45 ,5
556,ND,$115.00 ,$0.45 ,$0.45 ,$0.45 ,$0.45 ,$0.45 ,$0.45 ,5
557,ND,$115.00 ,$0.45 ,$0.45 ,$0.45 ,$0.45 ,$0.45 ,$0.45 ,5
558,ND,$115.00 ,$0.45 ,$0.45 ,$0.45 ,$0.45 ,$0.45 ,$0.45 ,5
559,ND,$115.00 ,$0.45 ,$0.45 ,$0.45 ,$0.45 ,$0.45 ,$0.45 ,5
560,ND,$115.00 ,$0.45 ,$0.45 ,$0.45 ,$0.45 ,$0.45 ,$0.45 ,5
561,ND,$115.00 ,$0.45 ,$0.45 ,$0.45 ,$0.45 ,$0.45 ,$0.45 ,5
562,MT,$125.00 ,$0.48 ,$0.48 ,$0.48 ,$0.48 ,$0.48 ,$0.48 ,5
563,MT,$125.00 ,$0.48 ,$0.48 ,$0.48 ,$0.48 ,$0.48 ,$0.48 ,5
564,MT,$125.00 ,$0.48 ,$0.48 ,$0.48 ,$0.48 ,$0.48 ,$0.48 ,5
565,MT,$125.00 ,$0.48 ,$0.48 ,$0.48 ,$0.48 ,$0.48 ,$0.48 ,5
566,MT,$125.00 ,$0.48 ,$0.48 ,$0.48 ,$0.48 ,$0.48 ,$0.48 ,5
567,MT,$125.00 ,$0.48 ,$0.48 ,$0.48 ,$0.48 ,$0.48 ,$0.48 ,5
568,MT,$125.00 ,$0.48 ,$0.48 ,$0.48 ,$0.48 ,$0.48 ,$0.48 ,5
569,MT,$125.00 ,$0.48 ,$0.48 ,$0.48 ,$0.48 ,$0.48 ,$0.48 ,5
570,MT,$125.00 ,$0.48 ,$0.48 ,$0.48 ,$0.48 ,$0.48 ,$0.48 ,5
571,MT,$125.00 ,$0.48 ,$0.48 ,$0.48 ,$0.48 ,$0.48 ,$0.48 ,5
572,IL,$85.00 ,$0.27 ,$0.27 ,$0.27 ,$0.27 ,$0.27 ,$0.27 ,4
573,IL,$85.00 ,$0.27 ,$0.27 ,$0.27 ,$0.27 ,$0.27 ,$0.27 ,4
574,IL,$85.00 ,$0.27 ,$0.27 ,$0.27 ,$0.27 ,$0.27 ,$0.27 ,4
575,IL,$85.00 ,$0.27 ,$0.27 ,$0.27 ,$0.27 ,$0.27 ,$0.27 ,4
576,IL,$85.00 ,$0.27 ,$0.27 ,$0.27 ,$0.27 ,$0.27 ,$0.27 ,4
577,IL,$85.00 ,$0.27 ,$0.27 ,$0.27 ,$0.27 ,$0.27 ,$0.27 ,4
578,IL,$85.00 ,$0.27 ,$0.27 ,$0.27 ,$0.27 ,$0.27 ,$0.27 ,4
579,IL,$85.00 ,$0.27 ,$0.27 ,$0.27 ,$0.27 ,$0.27 ,$0.27 ,4
580,IL,$85.00 ,$0.27 ,$0.27 ,$0.27 ,$0.27 ,$0.27 ,$0.27 ,4
581,IL,$95.00 ,$0.29 ,$0.29 ,$0.29 ,$0.29 ,$0.29 ,$0.29 ,4
582,IL,$95.00 ,$0.29 ,$0.29 ,$0.29 ,$0.29 ,$0.29 ,$0.29 ,4
583,IL,$95.00 ,$0.29 ,$0.29 ,$0.29 ,$0.29 ,$0.29 ,$0.29 ,4
584,IL,$95.00 ,$0.29 ,$0.29 ,$0.29 ,$0.29 ,$0.29 ,$0.29 ,4
585,IL,$95.00 ,$0.29 ,$0.29 ,$0.29 ,$0.29 ,$0.29 ,$0.29 ,4
586,IL,$95.00 ,$0.29 ,$0.29 ,$0.29 ,$0.29 ,$0.29 ,$0.29 ,4
587,IL,$95.00 ,$0.29 ,$0.29 ,$0.29 ,$0.29 ,$0.29 ,$0.29 ,4
588,IL,$95.00 ,$0.29 ,$0.29 ,$0.29 ,$0.29 ,$0.29 ,$0.29 ,4
589,IL,$95.00 ,$0.29 ,$0.29 ,$0.29 ,$0.29 ,$0.29 ,$0.29 ,4
590,IL,$95.00 ,$0.29 ,$0.29 ,$0.29 ,$0.29 ,$0.29 ,$0.29 ,4
591,IL,$95.00 ,$0.29 ,$0.29 ,$0.29 ,$0.29 ,$0.29 ,$0.29 ,4
592,IL,$95.00 ,$0.29 ,$0.29 ,$0.29 ,$0.29 ,$0.29 ,$0.29 ,4
593,IL,$95.00 ,$0.29 ,$0.29 ,$0.29 ,$0.29 ,$0.29 ,$0.29 ,4
594,IL,$95.00 ,$0.29 ,$0.29 ,$0.29 ,$0.29 ,$0.29 ,$0.29 ,4
595,IL,$95.00 ,$0.29 ,$0.29 ,$0.29 ,$0.29 ,$0.29 ,$0.29 ,4
596,IL,$95.00 ,$0.29 ,$0.29 ,$0.29 ,$0.29 ,$0.29 ,$0.29 ,4
597,IL,$95.00 ,$0.29 ,$0.29 ,$0.29 ,$0.29 ,$0.29 ,$0.29 ,4
598,IL,$95.00 ,$0.29 ,$0.29 ,$0.29 ,$0.29 ,$0.29 ,$0.29 ,4
599,IL,$95.00 ,$0.29 ,$0.29 ,$0.29 ,$0.29 ,$0.29 ,$0.29 ,4
600,IL,$95.00 ,$0.29 ,$0.29 ,$0.29 ,$0.29 ,$0.29 ,$0.29 ,4
601,MO,$95.00 ,$0.40 ,$0.40 ,$0.40 ,$0.40 ,$0.40 ,$0.40 ,4
602,MO,$95.00 ,$0.40 ,$0.40 ,$0.40 ,$0.40 ,$0.40 ,$0.40 ,4
603,MO,$95.00 ,$0.40 ,$0.40 ,$0.40 ,$0.40 ,$0.40 ,$0.40 ,4
604,MO,$95.00 ,$0.40 ,$0.40 ,$0.40 ,$0.40 ,$0.40 ,$0.40 ,4
605,MO,$95.00 ,$0.40 ,$0.40 ,$0.40 ,$0.40 ,$0.40 ,$0.40 ,4
606,MO,$95.00 ,$0.40 ,$0.40 ,$0.40 ,$0.40 ,$0.40 ,$0.40 ,4
607,MO,$95.00 ,$0.40 ,$0.40 ,$0.40 ,$0.40 ,$0.40 ,$0.40 ,4
608,MO,$95.00 ,$0.40 ,$0.40 ,$0.40 ,$0.40 ,$0.40 ,$0.40 ,4
609,MO,$95.00 ,$0.40 ,$0.40 ,$0.40 ,$0.40 ,$0.40 ,$0.40 ,4
610,MO,$95.00 ,$0.40 ,$0.40 ,$0.40 ,$0.40 ,$0.40 ,$0.40 ,4
611,MO,$95.00 ,$0.40 ,$0.40 ,$0.40 ,$0.40 ,$0.40 ,$0.40 ,4
612,MO,$95.00 ,$0.40 ,$0.40 ,$0.40 ,$0.40 ,$0.40 ,$0.40 ,4
613,MO,$95.00 ,$0.40 ,$0.40 ,$0.40 ,$0.40 ,$0.40 ,$0.40 ,4
614,MO,$95.00 ,$0.40 ,$0.40 ,$0.40 ,$0.40 ,$0.40 ,$0.40 ,4
615,MO,$95.00 ,$0.40 ,$0.40 ,$0.40 ,$0.40 ,$0.40 ,$0.40 ,4
616,MO,$95.00 ,$0.40 ,$0.40 ,$0.40 ,$0.40 ,$0.40 ,$0.40 ,4
617,MO,$95.00 ,$0.40 ,$0.40 ,$0.40 ,$0.40 ,$0.40 ,$0.40 ,4
618,MO,$95.00 ,$0.40 ,$0.40 ,$0.40 ,$0.40 ,$0.40 ,$0.40 ,4
619,MO,$95.00 ,$0.40 ,$0.40 ,$0.40 ,$0.40 ,$0.40 ,$0.40 ,4
620,MO,$95.00 ,$0.40 ,$0.40 ,$0.40 ,$0.40 ,$0.40 ,$0.40 ,4
621,MO,$95.00 ,$0.40 ,$0.40 ,$0.40 ,$0.40 ,$0.40 ,$0.40 ,4
622,MO,$95.00 ,$0.40 ,$0.40 ,$0.40 ,$0.40 ,$0.40 ,$0.40 ,4
623,MO,$95.00 ,$0.40 ,$0.40 ,$0.40 ,$0.40 ,$0.40 ,$0.40 ,4
624,MO,$95.00 ,$0.40 ,$0.40 ,$0.40 ,$0.40 ,$0.40 ,$0.40 ,4
625,MO,$95.00 ,$0.40 ,$0.40 ,$0.40 ,$0.40 ,$0.40 ,$0.40 ,4
626,MO,$95.00 ,$0.40 ,$0.40 ,$0.40 ,$0.40 ,$0.40 ,$0.40 ,4
627,KS,$95.00 ,$0.40 ,$0.40 ,$0.40 ,$0.40 ,$0.40 ,$0.40 ,4
628,KS,$95.00 ,$0.40 ,$0.40 ,$0.40 ,$0.40 ,$0.40 ,$0.40 ,4
629,KS,$95.00 ,$0.40 ,$0.40 ,$0.40 ,$0.40 ,$0.40 ,$0.40 ,4
630,KS,$95.00 ,$0.40 ,$0.40 ,$0.40 ,$0.40 ,$0.40 ,$0.40 ,4
631,KS,$95.00 ,$0.40 ,$0.40 ,$0.40 ,$0.40 ,$0.40 ,$0.40 ,4
632,KS,$95.00 ,$0.40 ,$0.40 ,$0.40 ,$0.40 ,$0.40 ,$0.40 ,4
633,KS,$95.00 ,$0.40 ,$0.40 ,$0.40 ,$0.40 ,$0.40 ,$0.40 ,4
634,KS,$95.00 ,$0.40 ,$0.40 ,$0.40 ,$0.40 ,$0.40 ,$0.40 ,4
635,KS,$95.00 ,$0.40 ,$0.40 ,$0.40 ,$0.40 ,$0.40 ,$0.40 ,4
636,KS,$95.00 ,$0.40 ,$0.40 ,$0.40 ,$0.40 ,$0.40 ,$0.40 ,4
637,KS,$95.00 ,$0.40 ,$0.40 ,$0.40 ,$0.40 ,$0.40 ,$0.40 ,4
638,KS,$95.00 ,$0.40 ,$0.40 ,$0.40 ,$0.40 ,$0.40 ,$0.40 ,4
639,KS,$95.00 ,$0.40 ,$0.40 ,$0.40 ,$0.40 ,$0.40 ,$0.40 ,4
640,KS,$95.00 ,$0.40 ,$0.40 ,$0.40 ,$0.40 ,$0.40 ,$0.40 ,4
641,KS,$95.00 ,$0.40 ,$0.40 ,$0.40 ,$0.40 ,$0.40 ,$0.40 ,4
642,KS,$95.00 ,$0.40 ,$0.40 ,$0.40 ,$0.40 ,$0.40 ,$0.40 ,4
643,KS,$95.00 ,$0.40 ,$0.40 ,$0.40 ,$0.40 ,$0.40 ,$0.40 ,4
644,KS,$95.00 ,$0.40 ,$0.40 ,$0.40 ,$0.40 ,$0.40 ,$0.40 ,4
645,KS,$95.00 ,$0.40 ,$0.40 ,$0.40 ,$0.40 ,$0.40 ,$0.40 ,4
646,NE,$95.00 ,$0.40 ,$0.40 ,$0.40 ,$0.40 ,$0.40 ,$0.40 ,4
647,NE,$95.00 ,$0.40 ,$0.40 ,$0.40 ,$0.40 ,$0.40 ,$0.40 ,4
648,NE,$95.00 ,$0.40 ,$0.40 ,$0.40 ,$0.40 ,$0.40 ,$0.40 ,4
649,NE,$95.00 ,$0.40 ,$0.40 ,$0.40 ,$0.40 ,$0.40 ,$0.40 ,4
650,NE,$95.00 ,$0.40 ,$0.40 ,$0.40 ,$0.40 ,$0.40 ,$0.40 ,4
651,NE,$95.00 ,$0.40 ,$0.40 ,$0.40 ,$0.40 ,$0.40 ,$0.40 ,4
652,NE,$95.00 ,$0.40 ,$0.40 ,$0.40 ,$0.40 ,$0.40 ,$0.40 ,4
653,NE,$95.00 ,$0.40 ,$0.40 ,$0.40 ,$0.40 ,$0.40 ,$0.40 ,4
654,NE,$95.00 ,$0.40 ,$0.40 ,$0.40 ,$0.40 ,$0.40 ,$0.40 ,4
655,NE,$95.00 ,$0.40 ,$0.40 ,$0.40 ,$0.40 ,$0.40 ,$0.40 ,4
656,NE,$95.00 ,$0.40 ,$0.40 ,$0.40 ,$0.40 ,$0.40 ,$0.40 ,4
657,NE,$95.00 ,$0.40 ,$0.40 ,$0.40 ,$0.40 ,$0.40 ,$0.40 ,4
658,NE,$95.00 ,$0.40 ,$0.40 ,$0.40 ,$0.40 ,$0.40 ,$0.40 ,4
659,LA,$85.00 ,$0.40 ,$0.40 ,$0.40 ,$0.40 ,$0.40 ,$0.40 ,5
660,LA,$85.00 ,$0.40 ,$0.40 ,$0.40 ,$0.40 ,$0.40 ,$0.40 ,5
661,LA,$85.00 ,$0.40 ,$0.40 ,$0.40 ,$0.40 ,$0.40 ,$0.40 ,5
662,LA,$85.00 ,$0.40 ,$0.40 ,$0.40 ,$0.40 ,$0.40 ,$0.40 ,5
663,LA,$85.00 ,$0.40 ,$0.40 ,$0.40 ,$0.40 ,$0.40 ,$0.40 ,5
664,LA,$85.00 ,$0.40 ,$0.40 ,$0.40 ,$0.40 ,$0.40 ,$0.40 ,5
665,LA,$85.00 ,$0.40 ,$0.40 ,$0.40 ,$0.40 ,$0.40 ,$0.40 ,5
666,LA,$85.00 ,$0.40 ,$0.40 ,$0.40 ,$0.40 ,$0.40 ,$0.40 ,5
667,LA,$85.00 ,$0.40 ,$0.40 ,$0.40 ,$0.40 ,$0.40 ,$0.40 ,5
668,LA,$85.00 ,$0.40 ,$0.40 ,$0.40 ,$0.40 ,$0.40 ,$0.40 ,5
669,LA,$85.00 ,$0.40 ,$0.40 ,$0.40 ,$0.40 ,$0.40 ,$0.40 ,5
670,LA,$85.00 ,$0.40 ,$0.40 ,$0.40 ,$0.40 ,$0.40 ,$0.40 ,5
671,LA,$85.00 ,$0.40 ,$0.40 ,$0.40 ,$0.40 ,$0.40 ,$0.40 ,5
672,AR,$85.00 ,$0.40 ,$0.40 ,$0.40 ,$0.40 ,$0.40 ,$0.40 ,5
673,AR,$85.00 ,$0.40 ,$0.40 ,$0.40 ,$0.40 ,$0.40 ,$0.40 ,5
674,AR,$85.00 ,$0.40 ,$0.40 ,$0.40 ,$0.40 ,$0.40 ,$0.40 ,5
675,AR,$85.00 ,$0.40 ,$0.40 ,$0.40 ,$0.40 ,$0.40 ,$0.40 ,5
676,AR,$85.00 ,$0.40 ,$0.40 ,$0.40 ,$0.40 ,$0.40 ,$0.40 ,5
677,AR,$85.00 ,$0.40 ,$0.40 ,$0.40 ,$0.40 ,$0.40 ,$0.40 ,5
678,AR,$85.00 ,$0.40 ,$0.40 ,$0.40 ,$0.40 ,$0.40 ,$0.40 ,5
679,AR,$85.00 ,$0.40 ,$0.40 ,$0.40 ,$0.40 ,$0.40 ,$0.40 ,5
680,AR,$85.00 ,$0.40 ,$0.40 ,$0.40 ,$0.40 ,$0.40 ,$0.40 ,5
681,AR,$85.00 ,$0.40 ,$0.40 ,$0.40 ,$0.40 ,$0.40 ,$0.40 ,5
682,AR,$85.00 ,$0.40 ,$0.40 ,$0.40 ,$0.40 ,$0.40 ,$0.40 ,5
683,AR,$85.00 ,$0.40 ,$0.40 ,$0.40 ,$0.40 ,$0.40 ,$0.40 ,5
684,AR,$85.00 ,$0.40 ,$0.40 ,$0.40 ,$0.40 ,$0.40 ,$0.40 ,5
685,AR,$85.00 ,$0.40 ,$0.40 ,$0.40 ,$0.40 ,$0.40 ,$0.40 ,5
686,OK,$85.00 ,$0.40 ,$0.40 ,$0.40 ,$0.40 ,$0.40 ,$0.40 ,5
687,OK,$85.00 ,$0.40 ,$0.40 ,$0.40 ,$0.40 ,$0.40 ,$0.40 ,5
688,TX,$75.00 ,$0.19 ,$0.19 ,$0.19 ,$0.19 ,$0.19 ,$0.19 ,2
689,OK,$85.00 ,$0.40 ,$0.40 ,$0.40 ,$0.40 ,$0.40 ,$0.40 ,5
690,OK,$85.00 ,$0.40 ,$0.40 ,$0.40 ,$0.40 ,$0.40 ,$0.40 ,5
691,OK,$85.00 ,$0.40 ,$0.40 ,$0.40 ,$0.40 ,$0.40 ,$0.40 ,5
692,OK,$85.00 ,$0.40 ,$0.40 ,$0.40 ,$0.40 ,$0.40 ,$0.40 ,5
693,OK,$85.00 ,$0.40 ,$0.40 ,$0.40 ,$0.40 ,$0.40 ,$0.40 ,5
694,OK,$85.00 ,$0.40 ,$0.40 ,$0.40 ,$0.40 ,$0.40 ,$0.40 ,5
695,OK,$85.00 ,$0.40 ,$0.40 ,$0.40 ,$0.40 ,$0.40 ,$0.40 ,5
696,OK,$85.00 ,$0.40 ,$0.40 ,$0.40 ,$0.40 ,$0.40 ,$0.40 ,5
697,OK,$85.00 ,$0.40 ,$0.40 ,$0.40 ,$0.40 ,$0.40 ,$0.40 ,5
698,OK,$85.00 ,$0.40 ,$0.40 ,$0.40 ,$0.40 ,$0.40 ,$0.40 ,5
699,OK,$85.00 ,$0.40 ,$0.40 ,$0.40 ,$0.40 ,$0.40 ,$0.40 ,5
700,OK,$85.00 ,$0.40 ,$0.40 ,$0.40 ,$0.40 ,$0.40 ,$0.40 ,5
701,OK,$85.00 ,$0.40 ,$0.40 ,$0.40 ,$0.40 ,$0.40 ,$0.40 ,5
702,OK,$85.00 ,$0.40 ,$0.40 ,$0.40 ,$0.40 ,$0.40 ,$0.40 ,5
703,OK,$85.00 ,$0.40 ,$0.40 ,$0.40 ,$0.40 ,$0.40 ,$0.40 ,5
704,TX,$75.00 ,$0.19 ,$0.19 ,$0.19 ,$0.19 ,$0.19 ,$0.19 ,2
705,TX,$75.00 ,$0.19 ,$0.19 ,$0.19 ,$0.19 ,$0.19 ,$0.19 ,2
706,TX,$75.00 ,$0.19 ,$0.19 ,$0.19 ,$0.19 ,$0.19 ,$0.19 ,2
707,TX,$75.00 ,$0.19 ,$0.19 ,$0.19 ,$0.19 ,$0.19 ,$0.19 ,2
708,TX,$75.00 ,$0.19 ,$0.19 ,$0.19 ,$0.19 ,$0.19 ,$0.19 ,2
709,TX,$75.00 ,$0.19 ,$0.19 ,$0.19 ,$0.19 ,$0.19 ,$0.19 ,2
710,TX,$75.00 ,$0.19 ,$0.19 ,$0.19 ,$0.19 ,$0.19 ,$0.19 ,2
711,TX,$75.00 ,$0.19 ,$0.19 ,$0.19 ,$0.19 ,$0.19 ,$0.19 ,2
712,TX,$75.00 ,$0.19 ,$0.19 ,$0.19 ,$0.19 ,$0.19 ,$0.19 ,2
713,TX,$75.00 ,$0.19 ,$0.19 ,$0.19 ,$0.19 ,$0.19 ,$0.19 ,2
714,TX,$75.00 ,$0.19 ,$0.19 ,$0.19 ,$0.19 ,$0.19 ,$0.19 ,2
715,TX,$75.00 ,$0.19 ,$0.19 ,$0.19 ,$0.19 ,$0.19 ,$0.19 ,2
716,TX,$75.00 ,$0.19 ,$0.19 ,$0.19 ,$0.19 ,$0.19 ,$0.19 ,2
717,TX,$85.00 ,$0.20 ,$0.20 ,$0.20 ,$0.20 ,$0.20 ,$0.20 ,2
718,TX,$85.00 ,$0.20 ,$0.20 ,$0.20 ,$0.20 ,$0.20 ,$0.20 ,2
719,TX,$85.00 ,$0.20 ,$0.20 ,$0.20 ,$0.20 ,$0.20 ,$0.20 ,2
720,TX,$85.00 ,$0.20 ,$0.20 ,$0.20 ,$0.20 ,$0.20 ,$0.20 ,2
721,TX,$85.00 ,$0.20 ,$0.20 ,$0.20 ,$0.20 ,$0.20 ,$0.20 ,2
722,TX,$85.00 ,$0.20 ,$0.20 ,$0.20 ,$0.20 ,$0.20 ,$0.20 ,2
723,TX,$85.00 ,$0.20 ,$0.20 ,$0.20 ,$0.20 ,$0.20 ,$0.20 ,2
724,TX,$85.00 ,$0.20 ,$0.20 ,$0.20 ,$0.20 ,$0.20 ,$0.20 ,2
725,TX,$85.00 ,$0.20 ,$0.20 ,$0.20 ,$0.20 ,$0.20 ,$0.20 ,2
726,TX,$85.00 ,$0.20 ,$0.20 ,$0.20 ,$0.20 ,$0.20 ,$0.20 ,2
727,TX,$85.00 ,$0.20 ,$0.20 ,$0.20 ,$0.20 ,$0.20 ,$0.20 ,2
728,TX,$85.00 ,$0.20 ,$0.20 ,$0.20 ,$0.20 ,$0.20 ,$0.20 ,2
729,TX,$85.00 ,$0.20 ,$0.20 ,$0.20 ,$0.20 ,$0.20 ,$0.20 ,2
730,TX,$85.00 ,$0.20 ,$0.20 ,$0.20 ,$0.20 ,$0.20 ,$0.20 ,2
731,TX,$85.00 ,$0.20 ,$0.20 ,$0.20 ,$0.20 ,$0.20 ,$0.20 ,2
732,TX,$85.00 ,$0.20 ,$0.20 ,$0.20 ,$0.20 ,$0.20 ,$0.20 ,2
733,TX,$85.00 ,$0.20 ,$0.20 ,$0.20 ,$0.20 ,$0.20 ,$0.20 ,2
734,TX,$85.00 ,$0.20 ,$0.20 ,$0.20 ,$0.20 ,$0.20 ,$0.20 ,2
735,TX,$85.00 ,$0.20 ,$0.20 ,$0.20 ,$0.20 ,$0.20 ,$0.20 ,2
736,TX,$85.00 ,$0.20 ,$0.20 ,$0.20 ,$0.20 ,$0.20 ,$0.20 ,2
737,TX,$85.00 ,$0.20 ,$0.20 ,$0.20 ,$0.20 ,$0.20 ,$0.20 ,2
738,TX,$85.00 ,$0.20 ,$0.20 ,$0.20 ,$0.20 ,$0.20 ,$0.20 ,2
739,TX,$85.00 ,$0.20 ,$0.20 ,$0.20 ,$0.20 ,$0.20 ,$0.20 ,2
740,TX,$85.00 ,$0.20 ,$0.20 ,$0.20 ,$0.20 ,$0.20 ,$0.20 ,2
741,TX,$85.00 ,$0.20 ,$0.20 ,$0.20 ,$0.20 ,$0.20 ,$0.20 ,2
742,TX,$85.00 ,$0.20 ,$0.20 ,$0.20 ,$0.20 ,$0.20 ,$0.20 ,2
743,TX,$95.00 ,$0.20 ,$0.20 ,$0.20 ,$0.20 ,$0.20 ,$0.20 ,2
744,TX,$95.00 ,$0.20 ,$0.20 ,$0.20 ,$0.20 ,$0.20 ,$0.20 ,2
745,TX,$95.00 ,$0.20 ,$0.20 ,$0.20 ,$0.20 ,$0.20 ,$0.20 ,2
746,TX,$95.00 ,$0.20 ,$0.20 ,$0.20 ,$0.20 ,$0.20 ,$0.20 ,2
747,TX,$95.00 ,$0.20 ,$0.20 ,$0.20 ,$0.20 ,$0.20 ,$0.20 ,2
748,TX,$95.00 ,$0.20 ,$0.20 ,$0.20 ,$0.20 ,$0.20 ,$0.20 ,2
749,TX,$95.00 ,$0.20 ,$0.20 ,$0.20 ,$0.20 ,$0.20 ,$0.20 ,2
750,TX,$95.00 ,$0.20 ,$0.20 ,$0.20 ,$0.20 ,$0.20 ,$0.20 ,2
751,TX,$95.00 ,$0.20 ,$0.20 ,$0.20 ,$0.20 ,$0.20 ,$0.20 ,2
752,TX,$60.00 ,$0.10 ,$0.10 ,$0.10 ,$0.10 ,$0.10 ,$0.10 ,2
753,CO,$95.00 ,$0.32 ,$0.32 ,$0.32 ,$0.32 ,$0.32 ,$0.32 ,4
754,CO,$95.00 ,$0.32 ,$0.32 ,$0.32 ,$0.32 ,$0.32 ,$0.32 ,4
755,CO,$95.00 ,$0.32 ,$0.32 ,$0.32 ,$0.32 ,$0.32 ,$0.32 ,4
756,CO,$95.00 ,$0.32 ,$0.32 ,$0.32 ,$0.32 ,$0.32 ,$0.32 ,4
757,CO,$95.00 ,$0.32 ,$0.32 ,$0.32 ,$0.32 ,$0.32 ,$0.32 ,4
758,CO,$95.00 ,$0.32 ,$0.32 ,$0.32 ,$0.32 ,$0.32 ,$0.32 ,4
759,CO,$95.00 ,$0.32 ,$0.32 ,$0.32 ,$0.32 ,$0.32 ,$0.32 ,4
760,CO,$95.00 ,$0.32 ,$0.32 ,$0.32 ,$0.32 ,$0.32 ,$0.32 ,4
761,CO,$95.00 ,$0.32 ,$0.32 ,$0.32 ,$0.32 ,$0.32 ,$0.32 ,4
762,CO,$95.00 ,$0.32 ,$0.32 ,$0.32 ,$0.32 ,$0.32 ,$0.32 ,4
763,CO,$95.00 ,$0.32 ,$0.32 ,$0.32 ,$0.32 ,$0.32 ,$0.32 ,4
764,CO,$95.00 ,$0.32 ,$0.32 ,$0.32 ,$0.32 ,$0.32 ,$0.32 ,4
765,CO,$95.00 ,$0.32 ,$0.32 ,$0.32 ,$0.32 ,$0.32 ,$0.32 ,4
766,CO,$95.00 ,$0.32 ,$0.32 ,$0.32 ,$0.32 ,$0.32 ,$0.32 ,4
767,CO,$95.00 ,$0.32 ,$0.32 ,$0.32 ,$0.32 ,$0.32 ,$0.32 ,4
768,CO,$95.00 ,$0.32 ,$0.32 ,$0.32 ,$0.32 ,$0.32 ,$0.32 ,4
769,CO,$95.00 ,$0.32 ,$0.32 ,$0.32 ,$0.32 ,$0.32 ,$0.32 ,4
770,WY,$125.00 ,$0.45 ,$0.45 ,$0.45 ,$0.45 ,$0.45 ,$0.45 ,4
771,WY,$125.00 ,$0.45 ,$0.45 ,$0.45 ,$0.45 ,$0.45 ,$0.45 ,4
772,WY,$125.00 ,$0.45 ,$0.45 ,$0.45 ,$0.45 ,$0.45 ,$0.45 ,4
773,WY,$125.00 ,$0.45 ,$0.45 ,$0.45 ,$0.45 ,$0.45 ,$0.45 ,4
774,WY,$125.00 ,$0.45 ,$0.45 ,$0.45 ,$0.45 ,$0.45 ,$0.45 ,4
775,WY,$125.00 ,$0.45 ,$0.45 ,$0.45 ,$0.45 ,$0.45 ,$0.45 ,4
776,WY,$125.00 ,$0.45 ,$0.45 ,$0.45 ,$0.45 ,$0.45 ,$0.45 ,4
777,WY,$125.00 ,$0.45 ,$0.45 ,$0.45 ,$0.45 ,$0.45 ,$0.45 ,4
778,WY,$125.00 ,$0.45 ,$0.45 ,$0.45 ,$0.45 ,$0.45 ,$0.45 ,4
779,WY,$125.00 ,$0.45 ,$0.45 ,$0.45 ,$0.45 ,$0.45 ,$0.45 ,4
780,WY,$125.00 ,$0.45 ,$0.45 ,$0.45 ,$0.45 ,$0.45 ,$0.45 ,4
781,WY,$125.00 ,$0.45 ,$0.45 ,$0.45 ,$0.45 ,$0.45 ,$0.45 ,4
782,ID,$115.00 ,$0.43 ,$0.43 ,$0.43 ,$0.43 ,$0.43 ,$0.43 ,5
783,ID,$115.00 ,$0.43 ,$0.43 ,$0.43 ,$0.43 ,$0.43 ,$0.43 ,5
784,ID,$115.00 ,$0.43 ,$0.43 ,$0.43 ,$0.43 ,$0.43 ,$0.43 ,5
785,WY,$125.00 ,$0.45 ,$0.45 ,$0.45 ,$0.45 ,$0.45 ,$0.45 ,4
786,ID,$115.00 ,$0.43 ,$0.43 ,$0.43 ,$0.43 ,$0.43 ,$0.43 ,5
787,ID,$115.00 ,$0.43 ,$0.43 ,$0.43 ,$0.43 ,$0.43 ,$0.43 ,5
788,ID,$115.00 ,$0.43 ,$0.43 ,$0.43 ,$0.43 ,$0.43 ,$0.43 ,5
789,ID,$115.00 ,$0.43 ,$0.43 ,$0.43 ,$0.43 ,$0.43 ,$0.43 ,5
790,UT,$95.00 ,$0.41 ,$0.41 ,$0.41 ,$0.41 ,$0.41 ,$0.41 ,4
791,UT,$95.00 ,$0.41 ,$0.41 ,$0.41 ,$0.41 ,$0.41 ,$0.41 ,4
792,UT,$95.00 ,$0.41 ,$0.41 ,$0.41 ,$0.41 ,$0.41 ,$0.41 ,4
793,UT,$95.00 ,$0.41 ,$0.41 ,$0.41 ,$0.41 ,$0.41 ,$0.41 ,4
794,UT,$95.00 ,$0.41 ,$0.41 ,$0.41 ,$0.41 ,$0.41 ,$0.41 ,4
795,UT,$95.00 ,$0.41 ,$0.41 ,$0.41 ,$0.41 ,$0.41 ,$0.41 ,4
796,UT,$95.00 ,$0.41 ,$0.41 ,$0.41 ,$0.41 ,$0.41 ,$0.41 ,4
797,UT,$95.00 ,$0.41 ,$0.41 ,$0.41 ,$0.41 ,$0.41 ,$0.41 ,4
798,AZ,$75.00 ,$0.17 ,$0.17 ,$0.17 ,$0.17 ,$0.17 ,$0.18 ,2
799,AZ,$75.00 ,$0.17 ,$0.17 ,$0.17 ,$0.17 ,$0.17 ,$0.18 ,2
800,AZ,$75.00 ,$0.17 ,$0.17 ,$0.17 ,$0.17 ,$0.17 ,$0.18 ,2
801,AZ,$75.00 ,$0.17 ,$0.17 ,$0.17 ,$0.17 ,$0.17 ,$0.18 ,2
802,AZ,$85.00 ,$0.17 ,$0.17 ,$0.17 ,$0.17 ,$0.17 ,$0.20 ,2
803,AZ,$85.00 ,$0.20 ,$0.20 ,$0.20 ,$0.20 ,$0.20 ,$0.20 ,2
804,AZ,$85.00 ,$0.20 ,$0.20 ,$0.20 ,$0.20 ,$0.20 ,$0.20 ,2
805,AZ,$85.00 ,$0.20 ,$0.20 ,$0.20 ,$0.20 ,$0.20 ,$0.20 ,2
806,AZ,$85.00 ,$0.20 ,$0.20 ,$0.20 ,$0.20 ,$0.20 ,$0.20 ,2
807,AZ,$85.00 ,$0.20 ,$0.20 ,$0.20 ,$0.20 ,$0.20 ,$0.20 ,2
808,AZ,$85.00 ,$0.20 ,$0.20 ,$0.20 ,$0.20 ,$0.20 ,$0.20 ,2
809,AZ,$85.00 ,$0.20 ,$0.20 ,$0.20 ,$0.20 ,$0.20 ,$0.20 ,2
810,NM,$95.00 ,$0.37 ,$0.37 ,$0.37 ,$0.37 ,$0.37 ,$0.37 ,2
811,NM,$95.00 ,$0.37 ,$0.37 ,$0.37 ,$0.37 ,$0.37 ,$0.37 ,2
812,NM,$95.00 ,$0.37 ,$0.37 ,$0.37 ,$0.37 ,$0.37 ,$0.37 ,2
813,NM,$95.00 ,$0.37 ,$0.37 ,$0.37 ,$0.37 ,$0.37 ,$0.37 ,2
814,NM,$95.00 ,$0.37 ,$0.37 ,$0.37 ,$0.37 ,$0.37 ,$0.37 ,2
815,NM,$95.00 ,$0.37 ,$0.37 ,$0.37 ,$0.37 ,$0.37 ,$0.37 ,2
816,NM,$95.00 ,$0.37 ,$0.37 ,$0.37 ,$0.37 ,$0.37 ,$0.37 ,2
817,NM,$95.00 ,$0.37 ,$0.37 ,$0.37 ,$0.37 ,$0.37 ,$0.37 ,2
818,NM,$95.00 ,$0.37 ,$0.37 ,$0.37 ,$0.37 ,$0.37 ,$0.37 ,2
819,NM,$95.00 ,$0.37 ,$0.37 ,$0.37 ,$0.37 ,$0.37 ,$0.37 ,2
820,NM,$95.00 ,$0.37 ,$0.37 ,$0.37 ,$0.37 ,$0.37 ,$0.37 ,2
821,NM,$95.00 ,$0.37 ,$0.37 ,$0.37 ,$0.37 ,$0.37 ,$0.37 ,2
822,NM,$95.00 ,$0.37 ,$0.37 ,$0.37 ,$0.37 ,$0.37 ,$0.37 ,2
823,TX,$85.00 ,$0.30 ,$0.30 ,$0.30 ,$0.30 ,$0.30 ,$0.30 ,2
824,NV,$95.00 ,$0.41 ,$0.41 ,$0.41 ,$0.41 ,$0.41 ,$0.41 ,4
825,NV,$95.00 ,$0.41 ,$0.41 ,$0.41 ,$0.41 ,$0.41 ,$0.41 ,4
826,NV,$95.00 ,$0.41 ,$0.41 ,$0.41 ,$0.41 ,$0.41 ,$0.41 ,4
827,NV,$95.00 ,$0.41 ,$0.41 ,$0.41 ,$0.41 ,$0.41 ,$0.41 ,4
828,NV,$95.00 ,$0.41 ,$0.41 ,$0.41 ,$0.41 ,$0.41 ,$0.41 ,4
829,NV,$95.00 ,$0.41 ,$0.41 ,$0.41 ,$0.41 ,$0.41 ,$0.41 ,4
830,NV,$95.00 ,$0.41 ,$0.41 ,$0.41 ,$0.41 ,$0.41 ,$0.41 ,4
831,NV,$95.00 ,$0.41 ,$0.41 ,$0.41 ,$0.41 ,$0.41 ,$0.41 ,4
832,CA,$85.00 ,$0.19 ,$0.19 ,$0.19 ,$0.19 ,$0.19 ,$0.19 ,2
833,CA,$85.00 ,$0.19 ,$0.19 ,$0.19 ,$0.19 ,$0.19 ,$0.19 ,2
834,CA,$85.00 ,$0.19 ,$0.19 ,$0.19 ,$0.19 ,$0.19 ,$0.19 ,2
835,CA,$85.00 ,$0.19 ,$0.19 ,$0.19 ,$0.19 ,$0.19 ,$0.19 ,2
836,CA,$85.00 ,$0.19 ,$0.19 ,$0.19 ,$0.19 ,$0.19 ,$0.19 ,2
837,CA,$85.00 ,$0.19 ,$0.19 ,$0.19 ,$0.19 ,$0.19 ,$0.19 ,2
838,CA,$85.00 ,$0.19 ,$0.19 ,$0.19 ,$0.19 ,$0.19 ,$0.19 ,2
839,CA,$85.00 ,$0.19 ,$0.19 ,$0.19 ,$0.19 ,$0.19 ,$0.19 ,2
840,CA,$85.00 ,$0.19 ,$0.19 ,$0.19 ,$0.19 ,$0.19 ,$0.19 ,2
841,CA,$85.00 ,$0.19 ,$0.19 ,$0.19 ,$0.19 ,$0.19 ,$0.19 ,2
842,CA,$85.00 ,$0.19 ,$0.19 ,$0.19 ,$0.19 ,$0.19 ,$0.19 ,2
843,CA,$85.00 ,$0.19 ,$0.19 ,$0.19 ,$0.19 ,$0.19 ,$0.19 ,2
844,CA,$85.00 ,$0.19 ,$0.19 ,$0.19 ,$0.19 ,$0.19 ,$0.19 ,2
845,CA,$85.00 ,$0.19 ,$0.19 ,$0.19 ,$0.19 ,$0.19 ,$0.19 ,2
846,CA,$85.00 ,$0.19 ,$0.19 ,$0.19 ,$0.19 ,$0.19 ,$0.19 ,2
847,CA,$85.00 ,$0.19 ,$0.19 ,$0.19 ,$0.19 ,$0.19 ,$0.19 ,2
848,CA,$85.00 ,$0.19 ,$0.19 ,$0.19 ,$0.19 ,$0.19 ,$0.19 ,2
849,CA,$85.00 ,$0.19 ,$0.19 ,$0.19 ,$0.19 ,$0.19 ,$0.19 ,2
850,CA,$85.00 ,$0.19 ,$0.19 ,$0.19 ,$0.19 ,$0.19 ,$0.19 ,2
851,CA,$85.00 ,$0.19 ,$0.19 ,$0.19 ,$0.19 ,$0.19 ,$0.19 ,2
852,CA,$85.00 ,$0.22 ,$0.22 ,$0.22 ,$0.22 ,$0.22 ,$0.22 ,3
853,CA,$85.00 ,$0.22 ,$0.22 ,$0.22 ,$0.22 ,$0.22 ,$0.22 ,3
854,CA,$85.00 ,$0.22 ,$0.22 ,$0.22 ,$0.22 ,$0.22 ,$0.22 ,3
855,CA,$85.00 ,$0.22 ,$0.22 ,$0.22 ,$0.22 ,$0.22 ,$0.22 ,3
856,CA,$85.00 ,$0.22 ,$0.22 ,$0.22 ,$0.22 ,$0.22 ,$0.22 ,3
857,CA,$85.00 ,$0.22 ,$0.22 ,$0.22 ,$0.22 ,$0.22 ,$0.22 ,3
858,CA,$85.00 ,$0.22 ,$0.22 ,$0.22 ,$0.22 ,$0.22 ,$0.22 ,3
859,CA,$85.00 ,$0.22 ,$0.22 ,$0.22 ,$0.22 ,$0.22 ,$0.22 ,3
860,CA,$85.00 ,$0.22 ,$0.22 ,$0.22 ,$0.22 ,$0.22 ,$0.22 ,3
861,CA,$85.00 ,$0.22 ,$0.22 ,$0.22 ,$0.22 ,$0.22 ,$0.22 ,3
862,CA,$85.00 ,$0.22 ,$0.22 ,$0.22 ,$0.22 ,$0.22 ,$0.22 ,3
863,CA,$85.00 ,$0.22 ,$0.22 ,$0.22 ,$0.22 ,$0.22 ,$0.22 ,3
864,CA,$85.00 ,$0.22 ,$0.22 ,$0.22 ,$0.22 ,$0.22 ,$0.22 ,3
865,CA,$85.00 ,$0.22 ,$0.22 ,$0.22 ,$0.22 ,$0.22 ,$0.22 ,3
866,CA,$85.00 ,$0.22 ,$0.22 ,$0.22 ,$0.22 ,$0.22 ,$0.22 ,3
867,CA,$85.00 ,$0.22 ,$0.22 ,$0.22 ,$0.22 ,$0.22 ,$0.22 ,3
868,CA,$85.00 ,$0.22 ,$0.22 ,$0.22 ,$0.22 ,$0.22 ,$0.22 ,3
869,CA,$85.00 ,$0.22 ,$0.22 ,$0.22 ,$0.22 ,$0.22 ,$0.22 ,3
870,CA,$85.00 ,$0.22 ,$0.22 ,$0.22 ,$0.22 ,$0.22 ,$0.22 ,3
871,CA,$85.00 ,$0.22 ,$0.22 ,$0.22 ,$0.22 ,$0.22 ,$0.22 ,3
872,CA,$85.00 ,$0.22 ,$0.22 ,$0.22 ,$0.22 ,$0.22 ,$0.22 ,3
873,CA,$85.00 ,$0.22 ,$0.22 ,$0.22 ,$0.22 ,$0.22 ,$0.22 ,3
874,CA,$85.00 ,$0.22 ,$0.22 ,$0.22 ,$0.22 ,$0.22 ,$0.22 ,3
875,CA,$85.00 ,$0.22 ,$0.22 ,$0.22 ,$0.22 ,$0.22 ,$0.22 ,3
876,CA,$85.00 ,$0.22 ,$0.22 ,$0.22 ,$0.22 ,$0.22 ,$0.22 ,3
877,CA,$85.00 ,$0.22 ,$0.22 ,$0.22 ,$0.22 ,$0.22 ,$0.22 ,3
878,CA,$85.00 ,$0.22 ,$0.22 ,$0.22 ,$0.22 ,$0.22 ,$0.22 ,3
879,CA,$85.00 ,$0.22 ,$0.22 ,$0.22 ,$0.22 ,$0.22 ,$0.22 ,3
880,CA,$85.00 ,$0.22 ,$0.22 ,$0.22 ,$0.22 ,$0.22 ,$0.22 ,3
881,CA,$85.00 ,$0.22 ,$0.22 ,$0.22 ,$0.22 ,$0.22 ,$0.22 ,3
882,CA,$85.00 ,$0.22 ,$0.22 ,$0.22 ,$0.22 ,$0.22 ,$0.22 ,3
883,CA,$85.00 ,$0.22 ,$0.22 ,$0.22 ,$0.22 ,$0.22 ,$0.22 ,3
884,CA,$85.00 ,$0.22 ,$0.22 ,$0.22 ,$0.22 ,$0.22 ,$0.22 ,3
885,CA,$85.00 ,$0.22 ,$0.22 ,$0.22 ,$0.22 ,$0.22 ,$0.22 ,3
886,CA,$85.00 ,$0.22 ,$0.22 ,$0.22 ,$0.22 ,$0.22 ,$0.22 ,3
887,CA,$85.00 ,$0.22 ,$0.22 ,$0.22 ,$0.22 ,$0.22 ,$0.22 ,3
888,CA,$85.00 ,$0.22 ,$0.22 ,$0.22 ,$0.22 ,$0.22 ,$0.22 ,3
889,CA,$85.00 ,$0.22 ,$0.22 ,$0.22 ,$0.22 ,$0.22 ,$0.22 ,3
890,CA,$85.00 ,$0.22 ,$0.22 ,$0.22 ,$0.22 ,$0.22 ,$0.22 ,3
891,CA,$85.00 ,$0.22 ,$0.22 ,$0.22 ,$0.22 ,$0.22 ,$0.22 ,3
892,OR,$95.00 ,$0.45 ,$0.45 ,$0.45 ,$0.45 ,$0.45 ,$0.45 ,4
893,OR,$95.00 ,$0.45 ,$0.45 ,$0.45 ,$0.45 ,$0.45 ,$0.45 ,4
894,OR,$95.00 ,$0.45 ,$0.45 ,$0.45 ,$0.45 ,$0.45 ,$0.45 ,4
895,OR,$95.00 ,$0.45 ,$0.45 ,$0.45 ,$0.45 ,$0.45 ,$0.45 ,4
896,OR,$95.00 ,$0.45 ,$0.45 ,$0.45 ,$0.45 ,$0.45 ,$0.45 ,4
897,OR,$95.00 ,$0.45 ,$0.45 ,$0.45 ,$0.45 ,$0.45 ,$0.45 ,4
898,OR,$95.00 ,$0.45 ,$0.45 ,$0.45 ,$0.45 ,$0.45 ,$0.45 ,4
899,OR,$95.00 ,$0.45 ,$0.45 ,$0.45 ,$0.45 ,$0.45 ,$0.45 ,4
900,OR,$95.00 ,$0.45 ,$0.45 ,$0.45 ,$0.45 ,$0.45 ,$0.45 ,4
901,OR,$95.00 ,$0.45 ,$0.45 ,$0.45 ,$0.45 ,$0.45 ,$0.45 ,4
902,WA,$95.00 ,$0.45 ,$0.45 ,$0.45 ,$0.45 ,$0.45 ,$0.45 ,4
903,WA,$95.00 ,$0.45 ,$0.45 ,$0.45 ,$0.45 ,$0.45 ,$0.45 ,4
904,WA,$95.00 ,$0.45 ,$0.45 ,$0.45 ,$0.45 ,$0.45 ,$0.45 ,4
905,WA,$95.00 ,$0.45 ,$0.45 ,$0.45 ,$0.45 ,$0.45 ,$0.45 ,4
906,WA,$95.00 ,$0.45 ,$0.45 ,$0.45 ,$0.45 ,$0.45 ,$0.45 ,4
907,WA,$95.00 ,$0.45 ,$0.45 ,$0.45 ,$0.45 ,$0.45 ,$0.45 ,4
908,WA,$95.00 ,$0.45 ,$0.45 ,$0.45 ,$0.45 ,$0.45 ,$0.45 ,4
909,WA,$95.00 ,$0.45 ,$0.45 ,$0.45 ,$0.45 ,$0.45 ,$0.45 ,4
910,WA,$95.00 ,$0.45 ,$0.45 ,$0.45 ,$0.45 ,$0.45 ,$0.45 ,4
911,WA,$95.00 ,$0.45 ,$0.45 ,$0.45 ,$0.45 ,$0.45 ,$0.45 ,4
912,WA,$95.00 ,$0.45 ,$0.45 ,$0.45 ,$0.45 ,$0.45 ,$0.45 ,4
913,WA,$95.00 ,$0.45 ,$0.45 ,$0.45 ,$0.45 ,$0.45 ,$0.45 ,4
914,WA,$95.00 ,$0.45 ,$0.45 ,$0.45 ,$0.45 ,$0.45 ,$0.45 ,4
915,WA,$95.00 ,$0.45 ,$0.45 ,$0.45 ,$0.45 ,$0.45 ,$0.45 ,4